Workbook

Sheet Instrucciones
B2: Backlog de desarrollo — Aprendizaje USCO
B3: Sprints, épicas, tareas y subtareas para importar/replicar en Jira (versión 3, 30/09/2026)
B5: Equipo: | C5: Juan David Polanco Ortiz · Nicolás Pérez Varón · Jorel Sebastian Vargas Ibarra · Fernando Andrés Pérez Polanco
B6: Fecha de entrega del MVP: | C6: jueves 12 de noviembre de 2026 (congelamiento del MVP; sustentación el 15 de noviembre)
B7: Duración de sprint: | C7: 11 a 12 días (4 sprints, del 28 de septiembre al 12 de noviembre de 2026). Replanificado el 28/09/2026: el Sprint 1 original (16 sep – 1 oct) no alcanzó a iniciar.
B8: Capacidad estimada del equipo: | C8: 4 integrantes x ~15 h/semana c/u ≈ 94-103 h por sprint (ver hoja "Carga por integrante")
B10: Cómo usar este archivo
B11: 1. La hoja "Backlog" trae una fila por historia/tarea y, debajo, sus subtareas (fondo gris, columna "ID padre"). Cada fila tiene descripción, criterios de aceptación, responsable, etiquetas y fechas.
B12: 2. Importación CSV en Jira: exporten la hoja Backlog a CSV (UTF-8) y en el asistente mapeen ID → Issue Id, ID padre → Parent Id, Tipo → Issue Type (use los nombres de su Jira: Historia/Tarea/Subtarea), Resumen → Summary, "Descripción completa (para Jira)" → Description, Estimación (h) → Original Estimate (en horas), Fecha fin → Due date, Prioridad → Priority, Responsable → Assignee, Etiquetas → Labels, Sprint → Sprint (los sprints deben existir antes con el mismo nombre). Las épicas se enlazan con la columna Épica (Epic Link / Parent según el tipo de proyecto). Si ya crearon las tarjetas a mano, usen esta hoja para crear las subtareas y copiar descripciones y criterios.
B13: 3. Responsables: cada subtarea tiene su propio responsable (por ejemplo, el login tiene subtareas de backend para Jorel y de frontend para Fernando). La hoja "Carga por integrante" suma subtareas y tareas sin subtareas.
B14: 4. Estimaciones: solo llevan horas las subtareas y las tareas sin subtareas; la columna "Total con subtareas" muestra la suma del padre. Jira también suma las subtareas en el padre (Σ).
B15: 5. La columna "Requisito relacionado" enlaza cada tarea con el RF-xx / RNF-xx / CA-xx ya definidos en los capítulos 3 y 4 del informe, para mantener trazabilidad entre lo planeado y lo implementado.
B16: 6. La columna "Descripción" detalla qué debe quedar hecho en cada tarea; úsenla como base de la descripción de la tarjeta en Jira y, si hace falta, descompónganla en subtareas.
B17: 7. Actualicen "Estado" (Por hacer / En curso / En revisión / Hecho). Las filas marcadas "Nueva en v3" en la nota no existían en la versión anterior.

Sheet Resumen de sprints
A1: Sprint | B1: Periodo | C1: Objetivo del sprint | D1: Épicas incluidas | E1: Horas estimadas (backlog) | F1: Entregable principal
A2: Sprint 1 | B2: 28 sep – 8 oct 2026 | C2: Dejar lista la infraestructura del proyecto (repositorio, entornos, base de datos, autenticación) e iniciar el módulo de diagnóstico. | D2: EPIC-1, EPIC-2 (inicio) | E2: =SUMIF(Backlog!$E:$E,A2,Backlog!$J:$J) -> 85 | F2: Entorno de desarrollo funcional, autenticación por rol operativa y modelo de datos del diagnóstico creado.
A3: Sprint 2 | B3: 9 oct – 20 oct 2026 | C3: Completar el módulo de diagnóstico (aplicación, calificación y categorización), iniciar el motor de práctica adaptativa y definir el protocolo de usabilidad. | D3: EPIC-2 (cierre), EPIC-3 (inicio), EPIC-7 (inicio) | E3: =SUMIF(Backlog!$E:$E,A3,Backlog!$J:$J) -> 107 | F3: Prueba diagnóstica funcional de extremo a extremo y banco de ejercicios modelado.
A4: Sprint 3 | B4: 21 oct – 1 nov 2026 | C4: Terminar la práctica adaptativa con retroalimentación inmediata, construir los tableros de seguimiento y analítica, e iniciar la gestión de contenidos. | D4: EPIC-3 (cierre), EPIC-4, EPIC-5 (inicio), EPIC-7 (rendimiento) | E4: =SUMIF(Backlog!$E:$E,A4,Backlog!$J:$J) -> 108 | F4: Módulo de ejercicios interactivos operativo y dashboards de estudiante/docente con datos reales.
A5: Sprint 4 | B5: 2 nov – 12 nov 2026 | C5: Cerrar administración, integrar todos los módulos, ejecutar pruebas de seguridad, concurrencia y validación con usuarios, y empaquetar la entrega del MVP. | D5: EPIC-5 (cierre), EPIC-6, EPIC-7 (cierre) | E5: =SUMIF(Backlog!$E:$E,A5,Backlog!$J:$J) -> 100 | F5: MVP integrado, probado frente a los 16 criterios de aceptación y validado con usuarios piloto — listo para sustentación.
A6: Total | E6: =SUM(E2:E5) -> 400
A8: Horas ya completadas (Estado = Hecho) | E8: =SUMIF(Backlog!$O:$O,"Hecho",Backlog!$J:$J) -> 16
A9: Las horas se suman sobre las filas con estimación propia (subtareas y tareas sin subtareas), así no se cuentan dos veces.

Sheet Carga por integrante
A1: Carga estimada por integrante y sprint (horas)
A2: Se calcula desde la hoja Backlog (columnas Sprint, Estimación y Responsable, incluidas las subtareas). Si reasignan una tarea o subtarea, esta tabla se actualiza sola.
A4: Integrante | B4: Rol principal | C4: Sprint 1 | D4: Sprint 2 | E4: Sprint 3 | F4: Sprint 4 | G4: Total (h) | H4: Promedio h/semana
A5: Jorel Vargas | B5: Backend tecnico: repositorios, arquitectura, autenticación/seguridad, motor adaptativo, historial, administración, entrega. | C5: =SUMIFS(Backlog!$J:$J,Backlog!$P:$P,$A5,Backlog!$E:$E,C$4) -> 30 | D5: =SUMIFS(Backlog!$J:$J,Backlog!$P:$P,$A5,Backlog!$E:$E,D$4) -> 28 | E5: =SUMIFS(Backlog!$J:$J,Backlog!$P:$P,$A5,Backlog!$E:$E,E$4) -> 23 | F5: =SUMIFS(Backlog!$J:$J,Backlog!$P:$P,$A5,Backlog!$E:$E,F$4) -> 28 | G5: =SUM(C5:F5) -> 109 | H5: =G5/$C$14 -> 16.586957
A6: Juan David Polanco | B6: Backend y datos: esquema PostgreSQL y migraciones, servicios de diagnóstico, intentos e indicadores, integración y corrección de incidencias. | C6: =SUMIFS(Backlog!$J:$J,Backlog!$P:$P,$A6,Backlog!$E:$E,C$4) -> 19 | D6: =SUMIFS(Backlog!$J:$J,Backlog!$P:$P,$A6,Backlog!$E:$E,D$4) -> 28 | E6: =SUMIFS(Backlog!$J:$J,Backlog!$P:$P,$A6,Backlog!$E:$E,E$4) -> 30 | F6: =SUMIFS(Backlog!$J:$J,Backlog!$P:$P,$A6,Backlog!$E:$E,F$4) -> 24 | G6: =SUM(C6:F6) -> 101 | H6: =G6/$C$14 -> 15.369565
A7: Nicolás Pérez | B7: Frontend: tema, enrutador y layouts, staging, pantallas de diagnóstico y práctica, MathText, panel admin, accesibilidad y documentación. | C7: =SUMIFS(Backlog!$J:$J,Backlog!$P:$P,$A7,Backlog!$E:$E,C$4) -> 15 | D7: =SUMIFS(Backlog!$J:$J,Backlog!$P:$P,$A7,Backlog!$E:$E,D$4) -> 25 | E7: =SUMIFS(Backlog!$J:$J,Backlog!$P:$P,$A7,Backlog!$E:$E,E$4) -> 25 | F7: =SUMIFS(Backlog!$J:$J,Backlog!$P:$P,$A7,Backlog!$E:$E,F$4) -> 24 | G7: =SUM(C7:F7) -> 89 | H7: =G7/$C$14 -> 13.543478
A8: Fernando Pérez | B8: Frontend y calidad: login y sesión, CI, banco de ítems y ejercicios, categorización, dashboards, pruebas, usabilidad (SUS) y validación piloto. | C8: =SUMIFS(Backlog!$J:$J,Backlog!$P:$P,$A8,Backlog!$E:$E,C$4) -> 21 | D8: =SUMIFS(Backlog!$J:$J,Backlog!$P:$P,$A8,Backlog!$E:$E,D$4) -> 26 | E8: =SUMIFS(Backlog!$J:$J,Backlog!$P:$P,$A8,Backlog!$E:$E,E$4) -> 30 | F8: =SUMIFS(Backlog!$J:$J,Backlog!$P:$P,$A8,Backlog!$E:$E,F$4) -> 24 | G8: =SUM(C8:F8) -> 101 | H8: =G8/$C$14 -> 15.369565
A9: Total equipo | C9: =SUM(C5:C8) -> 85 | D9: =SUM(D5:D8) -> 107 | E9: =SUM(E5:E8) -> 108 | F9: =SUM(F5:F8) -> 100 | G9: =SUM(G5:G8) -> 400
A10: Capacidad del equipo | B10: Días del sprint / 7 × h por semana × 4 integrantes | C10: =ROUND(C13/7*$C$15*4,0) -> 94 | D10: =ROUND(D13/7*$C$15*4,0) -> 103 | E10: =ROUND(E13/7*$C$15*4,0) -> 103 | F10: =ROUND(F13/7*$C$15*4,0) -> 94 | G10: =SUM(C10:F10) -> 394
A11: Holgura (capacidad − carga) | B11: Negativo = sprint sobrecargado | C11: =C10-C9 -> 9 | D11: =D10-D9 -> -4 | E11: =E10-E9 -> -5 | F11: =F10-F9 -> -6 | G11: =G10-G9 -> -6
A13: Días por sprint | B13: Días calendario de cada sprint (fechas de la hoja Resumen de sprints) | C13: 11 | D13: 12 | E13: 12 | F13: 11
A14: Semanas totales | B14: 28 sep – 12 nov 2026 | C14: =SUM(C13:F13)/7 -> 6.5714286
A15: h/semana por persona | B15: Supuesto editable (el backlog original planteaba 12-15 h/semana) | C15: 15
A17: Celdas en azul con fondo amarillo: supuestos que pueden ajustar.

Sheet Épicas
A1: ID | B1: Nombre de la épica | C1: Descripción | D1: Requisitos relacionados (cap. 3-4) | E1: Sprints
A2: EPIC-1 | B2: Configuración base, infraestructura y autenticación | C2: Repositorio, entornos de frontend/backend, esquema inicial de base de datos, autenticación y control de acceso por rol. | D2: RF-01, RNF-03 | E2: Sprint 1
A3: EPIC-2 | B3: Módulo de diagnóstico | C3: Aplicación de la prueba diagnóstica, cálculo automático del puntaje y asignación de categoría de desempeño. | D3: RF-02, RF-03, RF-04 | E3: Sprint 1 - Sprint 2
A4: EPIC-3 | B4: Práctica adaptativa y retroalimentación | C4: Banco de ejercicios por competencia, motor de asignación según desempeño, retroalimentación inmediata y registro de intentos. | D4: RF-05, RF-06, RF-07, RF-08, RF-14, RF-16 | E4: Sprint 2 - Sprint 3
A5: EPIC-4 | B5: Seguimiento del progreso y analítica de aprendizaje | C5: Indicadores de progreso, dashboard para estudiantes y docentes, historial de resultados e indicadores derivados de analítica. Incluye grupos y asociación docente–estudiante (nuevo en v3). | D5: RF-09, RF-10, RF-11, RF-15 | E5: Sprint 3
A6: EPIC-5 | B6: Gestión de contenidos y administración | C6: Gestión de actividades/contenidos por el docente y administración de usuarios y roles por el administrador. | D6: RF-12, RF-13 | E6: Sprint 3 - Sprint 4
A7: EPIC-6 | B7: Integración, pruebas y validación del MVP | C7: Integración end-to-end, pruebas funcionales frente a los criterios de aceptación, validación con usuarios piloto, documentación y cierre de la entrega. | D7: CA-01 a CA-16 | E7: Sprint 4
A8: EPIC-7 | B8: Calidad: usabilidad, rendimiento y seguridad | C8: Protocolo y medición de usabilidad, pruebas de rendimiento de servicios críticos, hardening de seguridad por rol y prueba de concurrencia. | D8: RNF-01, RNF-02, RNF-03, RNF-04 | E8: Sprint 2 - Sprint 4

Sheet Backlog
A1: ID | B1: ID padre | C1: Tipo | D1: Épica | E1: Sprint | F1: Resumen (Summary) | G1: Descripción | H1: Criterios de aceptación | I1: Requisito relacionado | J1: Estimación (h) | K1: Total con subtareas (h) | L1: Fecha inicio | M1: Fecha fin | N1: Prioridad | O1: Estado | P1: Responsable (Assignee) | Q1: Etiquetas (Labels) | R1: Nota de coordinación | S1: Descripción completa (para Jira)
A2: 1 | C2: Tarea | D2: EPIC-1 | E2: Sprint 1 | F2: Crear repositorio y flujo de trabajo Git | G2: Organización de GitHub, repositorios aprendizaje-usco-backend y aprendizaje-usco-frontend, ramas main y develop, develop como rama por defecto, rulesets (PR obligatorio, 1 aprobación, sin force push) e invitación del equipo. | H2: • Ambos repositorios existen en la organización con main y develop. • No se puede hacer push directo a main ni a develop. • Los cuatro integrantes tienen permiso de escritura. | I2: - | J2: 4 | K2: =IF(COUNTIF($B$2:$B$150,A2)>0,SUMIFS($J$2:$J$150,$B$2:$B$150,A2)+N(J2),J2) -> 4 | L2: 28/09/2026 | M2: 08/10/2026 | N2: Alta | O2: Hecho | P2: Jorel Vargas | Q2: devops | S2: =G2&IF(H2="","",CHAR(10)&CHAR(10)&"Criterios de aceptación:"&CHAR(10)&H2) -> Organización de GitHub, repositorios aprendizaje-usco-backend y aprendizaje-usco-frontend, ramas main y develop, develop como rama por defecto, rulesets (PR obligatorio, 1 aprobación, sin force push) e invitación del equipo. Criterios de aceptación: • Ambos repositorios existen en la organización con main y develop. • No se puede hacer push directo a main ni a develop. • Los cuatro integrantes tienen permiso de escritura.
A3: 2 | C3: Tarea | D3: EPIC-1 | E3: Sprint 1 | F3: Documentación base de los repositorios | G3: README.md de backend y frontend (instalación, comandos, variables de entorno, estructura, responsables, problemas frecuentes), CONTRIBUTING.md común y plantilla de pull request en .github/. | H3: • Un integrante nuevo puede levantar ambos proyectos siguiendo solo los README. • La plantilla de PR aparece al abrir un pull request. | I3: - | J3: 2 | K3: =IF(COUNTIF($B$2:$B$150,A3)>0,SUMIFS($J$2:$J$150,$B$2:$B$150,A3)+N(J3),J3) -> 2 | L3: 28/09/2026 | M3: 08/10/2026 | N3: Media | O3: Hecho | P3: Jorel Vargas | Q3: docs | R3: Nueva en v3 | S3: =G3&IF(H3="","",CHAR(10)&CHAR(10)&"Criterios de aceptación:"&CHAR(10)&H3) -> README.md de backend y frontend (instalación, comandos, variables de entorno, estructura, responsables, problemas frecuentes), CONTRIBUTING.md común y plantilla de pull request en .github/. Criterios de aceptación: • Un integrante nuevo puede levantar ambos proyectos siguiendo solo los README. • La plantilla de PR aparece al abrir un pull request.
A4: 3 | C4: Tarea | D4: EPIC-1 | E4: Sprint 1 | F4: Configurar proyecto backend (Spring Boot) | G4: Proyecto Spring Boot 4.1 / Java 21 generado con Initializr, organizado por módulo funcional con capas internas (controller, service, repository, dto, entity), perfiles dev/test y conexión a PostgreSQL con Docker Compose. | H4: • ./mvnw spring-boot:run levanta la API y /actuator/health responde UP. • Swagger UI carga en /swagger-ui.html. • Cualquier error de la API responde con el formato JSON estándar. | I4: - | K4: =IF(COUNTIF($B$2:$B$150,A4)>0,SUMIFS($J$2:$J$150,$B$2:$B$150,A4)+N(J4),J4) -> 10 | L4: 28/09/2026 | M4: 08/10/2026 | N4: Alta | O4: En curso | P4: Jorel Vargas | Q4: backend | S4: =G4&IF(H4="","",CHAR(10)&CHAR(10)&"Criterios de aceptación:"&CHAR(10)&H4) -> Proyecto Spring Boot 4.1 / Java 21 generado con Initializr, organizado por módulo funcional con capas internas (controller, service, repository, dto, entity), perfiles dev/test y conexión a PostgreSQL con Docker Compose. Criterios de aceptación: • ./mvnw spring-boot:run levanta la API y /actuator/health responde UP. • Swagger UI carga en /swagger-ui.html. • Cualquier error de la API responde con el formato JSON estándar.
A5: 4 | B5: 3 | C5: Subtarea | D5: EPIC-1 | E5: Sprint 1 | F5: Generar el proyecto con Initializr y sus dependencias | G5: Spring Web, Data JPA, PostgreSQL, Flyway, Security, OAuth2 Resource Server, Validation, Lombok, DevTools, Actuator, Docker Compose, Testcontainers + springdoc 3.x. | H5: • Compila y la prueba generada pasa. | J5: 3 | L5: 28/09/2026 | M5: 08/10/2026 | N5: Alta | O5: Hecho | P5: Jorel Vargas | Q5: backend | S5: =G5&IF(H5="","",CHAR(10)&CHAR(10)&"Criterios de aceptación:"&CHAR(10)&H5) -> Spring Web, Data JPA, PostgreSQL, Flyway, Security, OAuth2 Resource Server, Validation, Lombok, DevTools, Actuator, Docker Compose, Testcontainers + springdoc 3.x. Criterios de aceptación: • Compila y la prueba generada pasa.
A6: 5 | B6: 3 | C6: Subtarea | D6: EPIC-1 | E6: Sprint 1 | F6: Configurar perfiles, compose.yaml y application.yml | G6: application.yml común, application-dev.yml, application-test.yml, PostgreSQL 17 en compose.yaml, ddl-auto: validate. | H6: • La app conecta a PostgreSQL local en perfil dev. | J6: 2 | L6: 28/09/2026 | M6: 08/10/2026 | N6: Alta | O6: Hecho | P6: Jorel Vargas | Q6: backend | S6: =G6&IF(H6="","",CHAR(10)&CHAR(10)&"Criterios de aceptación:"&CHAR(10)&H6) -> application.yml común, application-dev.yml, application-test.yml, PostgreSQL 17 en compose.yaml, ddl-auto: validate. Criterios de aceptación: • La app conecta a PostgreSQL local en perfil dev.
A7: 6 | B7: 3 | C7: Subtarea | D7: EPIC-1 | E7: Sprint 1 | F7: Crear estructura de paquetes y SecurityConfig mínima | G7: Paquetes config, security, common, usuario, diagnostico, practica, contenido, progreso, analitica. SecurityConfig con rutas públicas (/api/auth/**, health, Swagger). | H7: • Health y Swagger accesibles sin token; el resto devuelve 401. | J7: 2 | L7: 28/09/2026 | M7: 08/10/2026 | N7: Alta | O7: Hecho | P7: Jorel Vargas | Q7: backend | S7: =G7&IF(H7="","",CHAR(10)&CHAR(10)&"Criterios de aceptación:"&CHAR(10)&H7) -> Paquetes config, security, common, usuario, diagnostico, practica, contenido, progreso, analitica. SecurityConfig con rutas públicas (/api/auth/**, health, Swagger). Criterios de aceptación: • Health y Swagger accesibles sin token; el resto devuelve 401.
A8: 7 | B8: 3 | C8: Subtarea | D8: EPIC-1 | E8: Sprint 1 | F8: Manejador global de errores y formato estándar | G8: En common/: clase ErrorResponse (timestamp, status, message, path), @RestControllerAdvice que traduce MethodArgumentNotValidException (400, con los campos inválidos), EntityNotFound/ResourceNotFound propia (404), DataIntegrityViolation (409) y Exception genérica (500 sin exponer la traza). Excepciones propias: RecursoNoEncontradoException, ConflictoException, ReglaNegocioException. | H8: • Un DTO inválido devuelve 400 con la lista de campos y mensajes. • Un id inexistente devuelve 404 con el formato estándar. • Un error inesperado devuelve 500 sin stack trace en la respuesta. | J8: 2 | L8: 02/10/2026 | M8: 04/10/2026 | N8: Alta | O8: Por hacer | P8: Juan David Polanco | Q8: backend | S8: =G8&IF(H8="","",CHAR(10)&CHAR(10)&"Criterios de aceptación:"&CHAR(10)&H8) -> En common/: clase ErrorResponse (timestamp, status, message, path), @RestControllerAdvice que traduce MethodArgumentNotValidException (400, con los campos inválidos), EntityNotFound/ResourceNotFound propia (404), DataIntegrityViolation (409) y Exception genérica (500 sin exponer la traza). Excepciones propias: RecursoNoEncontradoException, ConflictoException, ReglaNegocioException. Criterios de aceptación: • Un DTO inválido devuelve 400 con la lista de campos y mensajes. • Un id inexistente devuelve 404 con el formato estándar. • Un error inesperado devuelve 500 sin stack trace en la respuesta.
A9: 8 | B9: 3 | C9: Subtarea | D9: EPIC-1 | E9: Sprint 1 | F9: Configurar CORS y seguridad Bearer en Swagger | G9: CorsConfigurationSource leyendo app.cors.allowed-origins (métodos GET, POST, PUT, PATCH, DELETE; header Authorization). En OpenAPI, esquema de seguridad bearerAuth (JWT) para poder probar endpoints protegidos con el botón Authorize. | H9: • El frontend en localhost:5173 consume la API sin errores de CORS. • Desde Swagger se puede pegar un token y llamar un endpoint protegido. | J9: 1 | L9: 30/09/2026 | M9: 01/10/2026 | N9: Alta | O9: Por hacer | P9: Jorel Vargas | Q9: backend | S9: =G9&IF(H9="","",CHAR(10)&CHAR(10)&"Criterios de aceptación:"&CHAR(10)&H9) -> CorsConfigurationSource leyendo app.cors.allowed-origins (métodos GET, POST, PUT, PATCH, DELETE; header Authorization). En OpenAPI, esquema de seguridad bearerAuth (JWT) para poder probar endpoints protegidos con el botón Authorize. Criterios de aceptación: • El frontend en localhost:5173 consume la API sin errores de CORS. • Desde Swagger se puede pegar un token y llamar un endpoint protegido.
A10: 9 | C10: Tarea | D10: EPIC-1 | E10: Sprint 1 | F10: Configurar proyecto frontend (React) | G10: Proyecto Vite 8 + React en JavaScript con react-router, axios, MUI, recharts, KaTeX, react-hook-form y zod; estructura por features; enrutador con todas las rutas del README; layouts por rol y tema institucional. | H10: • npm run dev, lint y build sin errores. • Todas las rutas del README existen (aunque sea con página provisional) y cada rol ve su propio menú. • La interfaz usa los colores USCO desde el tema, no colores sueltos. | I10: - | K10: =IF(COUNTIF($B$2:$B$150,A10)>0,SUMIFS($J$2:$J$150,$B$2:$B$150,A10)+N(J10),J10) -> 10 | L10: 28/09/2026 | M10: 08/10/2026 | N10: Alta | O10: En curso | P10: Nicolás Pérez | Q10: frontend | R10: Jorel creó el esqueleto; Nicolás completa enrutador, layouts y tema. | S10: =G10&IF(H10="","",CHAR(10)&CHAR(10)&"Criterios de aceptación:"&CHAR(10)&H10) -> Proyecto Vite 8 + React en JavaScript con react-router, axios, MUI, recharts, KaTeX, react-hook-form y zod; estructura por features; enrutador con todas las rutas del README; layouts por rol y tema institucional. Criterios de aceptación: • npm run dev, lint y build sin errores. • Todas las rutas del README existen (aunque sea con página provisional) y cada rol ve su propio menú. • La interfaz usa los colores USCO desde el tema, no colores sueltos.
A11: 10 | B11: 9 | C11: Subtarea | D11: EPIC-1 | E11: Sprint 1 | F11: Crear proyecto con Vite, librerías, estructura, .env y cliente axios | G11: Plantilla react, dependencias de la guía, carpetas api/ routes/ context/ layouts/ features/ components/ theme/ utils/, VITE_API_URL, api/client.js con interceptor de token, Prettier. | H11: • El proyecto corre en localhost:5173. | J11: 3 | L11: 28/09/2026 | M11: 08/10/2026 | N11: Alta | O11: Hecho | P11: Jorel Vargas | Q11: frontend | S11: =G11&IF(H11="","",CHAR(10)&CHAR(10)&"Criterios de aceptación:"&CHAR(10)&H11) -> Plantilla react, dependencias de la guía, carpetas api/ routes/ context/ layouts/ features/ components/ theme/ utils/, VITE_API_URL, api/client.js con interceptor de token, Prettier. Criterios de aceptación: • El proyecto corre en localhost:5173.
A12: 11 | B12: 9 | C12: Subtarea | D12: EPIC-1 | E12: Sprint 1 | F12: Tema de MUI con los colores USCO | G12: theme/theme.js: palette.primary con el rojo/vino institucional y palette.secondary tomados del prototipo HTML; tipografía, border radius y breakpoints; CssBaseline. Verificar contraste de texto sobre primary (mínimo 4.5:1, WCAG AA) con un verificador de contraste. | H12: • ThemeProvider envuelve la app en main.jsx. • Botones, AppBar y enlaces toman el color del tema. • El contraste texto/fondo de los colores principales cumple 4.5:1. | J12: 2 | L12: 30/09/2026 | M12: 01/10/2026 | N12: Alta | O12: Por hacer | P12: Nicolás Pérez | Q12: frontend | S12: =G12&IF(H12="","",CHAR(10)&CHAR(10)&"Criterios de aceptación:"&CHAR(10)&H12) -> theme/theme.js: palette.primary con el rojo/vino institucional y palette.secondary tomados del prototipo HTML; tipografía, border radius y breakpoints; CssBaseline. Verificar contraste de texto sobre primary (mínimo 4.5:1, WCAG AA) con un verificador de contraste. Criterios de aceptación: • ThemeProvider envuelve la app en main.jsx. • Botones, AppBar y enlaces toman el color del tema. • El contraste texto/fondo de los colores principales cumple 4.5:1.
A13: 12 | B13: 9 | C13: Subtarea | D13: EPIC-1 | E13: Sprint 1 | F13: Enrutador con rutas públicas, protegidas y páginas provisionales | G13: routes/AppRouter.jsx con las rutas del README (/login, /estudiante/*, /docente/*, /admin, /no-autorizado, 404). Cada ruta protegida envuelta en ProtectedRoute con su rol. Páginas provisionales (título + "en construcción") por pantalla, para que cada integrante reemplace la suya. Página NoAutorizado y NotFound. "/" redirige según el rol o a /login. | H13: • Navegar a una ruta sin sesión lleva a /login. • Un ESTUDIANTE que entra a /docente ve /no-autorizado. • Una URL inexistente muestra la página 404. | J13: 2 | L13: 30/09/2026 | M13: 01/10/2026 | N13: Alta | O13: Por hacer | P13: Nicolás Pérez | Q13: frontend | S13: =G13&IF(H13="","",CHAR(10)&CHAR(10)&"Criterios de aceptación:"&CHAR(10)&H13) -> routes/AppRouter.jsx con las rutas del README (/login, /estudiante/*, /docente/*, /admin, /no-autorizado, 404). Cada ruta protegida envuelta en ProtectedRoute con su rol. Páginas provisionales (título + "en construcción") por pantalla, para que cada integrante reemplace la suya. Página NoAutorizado y NotFound. "/" redirige según el rol o a /login. Criterios de aceptación: • Navegar a una ruta sin sesión lleva a /login. • Un ESTUDIANTE que entra a /docente ve /no-autorizado. • Una URL inexistente muestra la página 404.
A14: 13 | B14: 9 | C14: Subtarea | D14: EPIC-1 | E14: Sprint 1 | F14: Layouts por rol con navegación responsive | G14: layouts/EstudianteLayout, DocenteLayout y AdminLayout: AppBar con nombre del usuario y cerrar sesión, menú lateral con las opciones del rol (Drawer permanente en escritorio, temporal en móvil) y <Outlet/> para el contenido. Accesibilidad: landmarks (header, nav, main), enlace "Saltar al contenido", foco visible, menú operable con teclado. | H14: • Cada rol ve solo sus opciones de menú. • En 375 px de ancho el menú se abre como cajón y no hay scroll horizontal. • Todo el menú se recorre con Tab y se activa con Enter. | J14: 3 | L14: 30/09/2026 | M14: 01/10/2026 | N14: Alta | O14: Por hacer | P14: Nicolás Pérez | Q14: frontend | S14: =G14&IF(H14="","",CHAR(10)&CHAR(10)&"Criterios de aceptación:"&CHAR(10)&H14) -> layouts/EstudianteLayout, DocenteLayout y AdminLayout: AppBar con nombre del usuario y cerrar sesión, menú lateral con las opciones del rol (Drawer permanente en escritorio, temporal en móvil) y <Outlet/> para el contenido. Accesibilidad: landmarks (header, nav, main), enlace "Saltar al contenido", foco visible, menú operable con teclado. Criterios de aceptación: • Cada rol ve solo sus opciones de menú. • En 375 px de ancho el menú se abre como cajón y no hay scroll horizontal. • Todo el menú se recorre con Tab y se activa con Enter.
A15: 14 | C15: Tarea | D15: EPIC-1 | E15: Sprint 1 | F15: Diseñar y crear el esquema inicial de base de datos | G15: Modelo físico y migración Flyway de las tablas base (rol, usuario, competencia), a partir del modelo conceptual del capítulo 4, más sus entidades JPA y los datos semilla necesarios para desarrollar. | H15: • Al arrancar en limpio, Flyway crea las tablas y la app arranca con ddl-auto: validate sin errores. • Existen los 3 roles, las 3 competencias y un usuario de prueba por rol. • La prueba de integración del esquema pasa en CI. | I15: - | K15: =IF(COUNTIF($B$2:$B$150,A15)>0,SUMIFS($J$2:$J$150,$B$2:$B$150,A15)+N(J15),J15) -> 10 | L15: 28/09/2026 | M15: 08/10/2026 | N15: Alta | O15: Por hacer | P15: Juan David Polanco | Q15: backend bd | S15: =G15&IF(H15="","",CHAR(10)&CHAR(10)&"Criterios de aceptación:"&CHAR(10)&H15) -> Modelo físico y migración Flyway de las tablas base (rol, usuario, competencia), a partir del modelo conceptual del capítulo 4, más sus entidades JPA y los datos semilla necesarios para desarrollar. Criterios de aceptación: • Al arrancar en limpio, Flyway crea las tablas y la app arranca con ddl-auto: validate sin errores. • Existen los 3 roles, las 3 competencias y un usuario de prueba por rol. • La prueba de integración del esquema pasa en CI.
A16: 15 | B16: 14 | C16: Subtarea | D16: EPIC-1 | E16: Sprint 1 | F16: Definir el modelo físico de rol, usuario y competencia | G16: Documentar en la tarjeta: rol(id, nombre UNIQUE: ESTUDIANTE, DOCENTE, ADMIN); usuario(id, nombres, apellidos, correo UNIQUE, password_hash, rol_id FK, programa_academico NULL, estado ACTIVO/INACTIVO, creado_en, actualizado_en); competencia(id, codigo UNIQUE: ALGEBRAICA, LOGICA, FUNCIONAL, nombre, descripcion). Tipos: BIGINT GENERATED ALWAYS AS IDENTITY, VARCHAR con longitudes, TIMESTAMPTZ. Convención: tablas y columnas en snake_case singular. | H16: • El modelo está en la tarjeta y lo revisó Jorel antes de escribir la migración. | J16: 2 | L16: 30/09/2026 | M16: 30/09/2026 | N16: Alta | O16: Por hacer | P16: Juan David Polanco | Q16: bd | S16: =G16&IF(H16="","",CHAR(10)&CHAR(10)&"Criterios de aceptación:"&CHAR(10)&H16) -> Documentar en la tarjeta: rol(id, nombre UNIQUE: ESTUDIANTE, DOCENTE, ADMIN); usuario(id, nombres, apellidos, correo UNIQUE, password_hash, rol_id FK, programa_academico NULL, estado ACTIVO/INACTIVO, creado_en, actualizado_en); competencia(id, codigo UNIQUE: ALGEBRAICA, LOGICA, FUNCIONAL, nombre, descripcion). Tipos: BIGINT GENERATED ALWAYS AS IDENTITY, VARCHAR con longitudes, TIMESTAMPTZ. Convención: tablas y columnas en snake_case singular. Criterios de aceptación: • El modelo está en la tarjeta y lo revisó Jorel antes de escribir la migración.
A17: 16 | B17: 14 | C17: Subtarea | D17: EPIC-1 | E17: Sprint 1 | F17: Escribir la migración V1 (rol, usuario, competencia) | G17: db/migration/V<yyyyMMddHHmm>__esquema_inicial.sql con CREATE TABLE, PK, FK usuario.rol_id → rol.id, UNIQUE en correo y códigos, CHECK en estado, índice en usuario.correo. | H17: • La migración corre en una base vacía sin errores. • Insertar dos usuarios con el mismo correo falla. | J17: 3 | L17: 30/09/2026 | M17: 01/10/2026 | N17: Alta | O17: Por hacer | P17: Juan David Polanco | Q17: bd | S17: =G17&IF(H17="","",CHAR(10)&CHAR(10)&"Criterios de aceptación:"&CHAR(10)&H17) -> db/migration/V<yyyyMMddHHmm>__esquema_inicial.sql con CREATE TABLE, PK, FK usuario.rol_id → rol.id, UNIQUE en correo y códigos, CHECK en estado, índice en usuario.correo. Criterios de aceptación: • La migración corre en una base vacía sin errores. • Insertar dos usuarios con el mismo correo falla.
A18: 17 | B18: 14 | C18: Subtarea | D18: EPIC-1 | E18: Sprint 1 | F18: Entidades JPA y repositorios de rol, usuario y competencia | G18: Rol, Usuario (@ManyToOne a Rol), Competencia en sus módulos; RolRepository, UsuarioRepository (findByCorreo, existsByCorreo), CompetenciaRepository (findByCodigo). Enum EstadoUsuario. | H18: • La app arranca con ddl-auto: validate (el mapeo coincide con la migración). | J18: 2 | L18: 01/10/2026 | M18: 01/10/2026 | N18: Alta | O18: Por hacer | P18: Juan David Polanco | Q18: backend | S18: =G18&IF(H18="","",CHAR(10)&CHAR(10)&"Criterios de aceptación:"&CHAR(10)&H18) -> Rol, Usuario (@ManyToOne a Rol), Competencia en sus módulos; RolRepository, UsuarioRepository (findByCorreo, existsByCorreo), CompetenciaRepository (findByCodigo). Enum EstadoUsuario. Criterios de aceptación: • La app arranca con ddl-auto: validate (el mapeo coincide con la migración).
A19: 18 | B19: 14 | C19: Subtarea | D19: EPIC-1 | E19: Sprint 1 | F19: Datos semilla: roles, competencias y usuarios de prueba | G19: Migración de datos con los 3 roles y 3 competencias (se requieren en todos los entornos). Usuarios de prueba (estudiante, docente, admin) con contraseña en BCrypt en una ubicación solo para dev/staging (ej. db/dev-data, agregada a spring.flyway.locations en application-dev.yml). Completar la tabla de usuarios de prueba del README. | H19: • Con perfil dev se puede iniciar sesión con los 3 usuarios de prueba. • Con perfil test/producción no existen usuarios de prueba. | J19: 2 | L19: 01/10/2026 | M19: 01/10/2026 | N19: Alta | O19: Por hacer | P19: Juan David Polanco | Q19: bd | S19: =G19&IF(H19="","",CHAR(10)&CHAR(10)&"Criterios de aceptación:"&CHAR(10)&H19) -> Migración de datos con los 3 roles y 3 competencias (se requieren en todos los entornos). Usuarios de prueba (estudiante, docente, admin) con contraseña en BCrypt en una ubicación solo para dev/staging (ej. db/dev-data, agregada a spring.flyway.locations en application-dev.yml). Completar la tabla de usuarios de prueba del README. Criterios de aceptación: • Con perfil dev se puede iniciar sesión con los 3 usuarios de prueba. • Con perfil test/producción no existen usuarios de prueba.
A20: 19 | B20: 14 | C20: Subtarea | D20: EPIC-1 | E20: Sprint 1 | F20: Prueba de integración del esquema | G20: Prueba con Testcontainers que arranca PostgreSQL, aplica las migraciones y verifica guardar/leer un usuario con su rol. | H20: • ./mvnw test pasa localmente y en CI. | J20: 1 | L20: 02/10/2026 | M20: 04/10/2026 | N20: Alta | O20: Por hacer | P20: Juan David Polanco | Q20: backend qa | S20: =G20&IF(H20="","",CHAR(10)&CHAR(10)&"Criterios de aceptación:"&CHAR(10)&H20) -> Prueba con Testcontainers que arranca PostgreSQL, aplica las migraciones y verifica guardar/leer un usuario con su rol. Criterios de aceptación: • ./mvnw test pasa localmente y en CI.
A21: 20 | C21: Historia | D21: EPIC-1 | E21: Sprint 1 | F21: Implementar registro e inicio de sesión de usuarios | G21: Como usuario quiero iniciar sesión con mi correo y contraseña para acceder a las funciones de mi rol. Autenticación stateless con JWT firmado (HS256) emitido por el backend con Spring Security + OAuth2 Resource Server (Nimbus). Registro público solo para estudiantes; docentes y administradores los crea el administrador (confirmar con el equipo). | H21: • POST /api/auth/login con credenciales válidas devuelve 200 con token, expiración y datos del usuario (id, nombre, rol). • Credenciales inválidas o usuario INACTIVO devuelven 401 con mensaje genérico (no revela si el correo existe). • Las contraseñas se guardan con BCrypt; nunca viajan de vuelta en ninguna respuesta. • Desde el frontend, el login redirige al inicio del rol correspondiente. | I21: RF-01 | K21: =IF(COUNTIF($B$2:$B$150,A21)>0,SUMIFS($J$2:$J$150,$B$2:$B$150,A21)+N(J21),J21) -> 13 | L21: 28/09/2026 | M21: 08/10/2026 | N21: Alta | O21: Por hacer | P21: Jorel Vargas | Q21: backend frontend seguridad | S21: =G21&IF(H21="","",CHAR(10)&CHAR(10)&"Criterios de aceptación:"&CHAR(10)&H21) -> Como usuario quiero iniciar sesión con mi correo y contraseña para acceder a las funciones de mi rol. Autenticación stateless con JWT firmado (HS256) emitido por el backend con Spring Security + OAuth2 Resource Server (Nimbus). Registro público solo para estudiantes; docentes y administradores los crea el administrador (confirmar con el equipo). Criterios de aceptación: • POST /api/auth/login con credenciales válidas devuelve 200 con token, expiración y datos del usuario (id, nombre, rol). • Credenciales inválidas o usuario INACTIVO devuelven 401 con mensaje genérico (no revela si el correo existe). • Las contraseñas se guardan con BCrypt; nunca viajan de vuelta en ninguna respuesta. • Desde el frontend, el login redirige al inicio del rol correspondiente.
A22: 21 | B22: 20 | C22: Subtarea | D22: EPIC-1 | E22: Sprint 1 | F22: Publicar el contrato de /api/auth en la tarjeta | G22: Primera cosa del día para desbloquear a Fernando. POST /api/auth/login body {"correo","password"} → 200 {"token","tipo":"Bearer","expiraEn","usuario":{"id","nombres","rol"}}; 401 {formato estándar}. POST /api/auth/registro (estudiante) → 201. GET /api/auth/me (token) → 200 usuario. Claims del token: sub (id), correo, rol, iat, exp. | H22: • Fernando confirma que puede simular las respuestas con ese contrato. | J22: 1 | L22: 30/09/2026 | M22: 30/09/2026 | N22: Alta | O22: Por hacer | P22: Jorel Vargas | Q22: backend | S22: =G22&IF(H22="","",CHAR(10)&CHAR(10)&"Criterios de aceptación:"&CHAR(10)&H22) -> Primera cosa del día para desbloquear a Fernando. POST /api/auth/login body {"correo","password"} → 200 {"token","tipo":"Bearer","expiraEn","usuario":{"id","nombres","rol"}}; 401 {formato estándar}. POST /api/auth/registro (estudiante) → 201. GET /api/auth/me (token) → 200 usuario. Claims del token: sub (id), correo, rol, iat, exp. Criterios de aceptación: • Fernando confirma que puede simular las respuestas con ese contrato.
A23: 22 | B23: 20 | C23: Subtarea | D23: EPIC-1 | E23: Sprint 1 | F23: PasswordEncoder y UserDetailsService por correo | G23: Bean BCryptPasswordEncoder; UserDetailsService que busca por correo y rechaza usuarios INACTIVOS; AuthenticationManager (DaoAuthenticationProvider). | H23: • Una contraseña correcta autentica y una incorrecta lanza BadCredentials. | J23: 2 | L23: 30/09/2026 | M23: 30/09/2026 | N23: Alta | O23: Por hacer | P23: Jorel Vargas | Q23: backend seguridad | S23: =G23&IF(H23="","",CHAR(10)&CHAR(10)&"Criterios de aceptación:"&CHAR(10)&H23) -> Bean BCryptPasswordEncoder; UserDetailsService que busca por correo y rechaza usuarios INACTIVOS; AuthenticationManager (DaoAuthenticationProvider). Criterios de aceptación: • Una contraseña correcta autentica y una incorrecta lanza BadCredentials.
A24: 23 | B24: 20 | C24: Subtarea | D24: EPIC-1 | E24: Sprint 1 | F24: Servicio JWT: emisión y validación del token | G24: JwtEncoder/JwtDecoder de Nimbus con clave simétrica desde app.jwt.secret (mínimo 32 caracteres), expiración desde app.jwt.expiration-minutes, claims sub, correo, rol. Configurar oauth2ResourceServer().jwt() en SecurityConfig. | H24: • Un token emitido es aceptado; uno alterado o vencido responde 401. | J24: 2 | L24: 30/09/2026 | M24: 01/10/2026 | N24: Alta | O24: Por hacer | P24: Jorel Vargas | Q24: backend seguridad | S24: =G24&IF(H24="","",CHAR(10)&CHAR(10)&"Criterios de aceptación:"&CHAR(10)&H24) -> JwtEncoder/JwtDecoder de Nimbus con clave simétrica desde app.jwt.secret (mínimo 32 caracteres), expiración desde app.jwt.expiration-minutes, claims sub, correo, rol. Configurar oauth2ResourceServer().jwt() en SecurityConfig. Criterios de aceptación: • Un token emitido es aceptado; uno alterado o vencido responde 401.
A25: 24 | B25: 20 | C25: Subtarea | D25: EPIC-1 | E25: Sprint 1 | F25: Endpoints /api/auth/login, /registro y /me | G25: AuthController + AuthService con DTO validados (LoginRequest, RegistroRequest, AuthResponse, UsuarioResponse). Registro asigna rol ESTUDIANTE y valida correo único (409 si existe). | H25: • Los tres endpoints cumplen el contrato publicado y aparecen en Swagger. | J25: 2 | L25: 01/10/2026 | M25: 01/10/2026 | N25: Alta | O25: Por hacer | P25: Jorel Vargas | Q25: backend | S25: =G25&IF(H25="","",CHAR(10)&CHAR(10)&"Criterios de aceptación:"&CHAR(10)&H25) -> AuthController + AuthService con DTO validados (LoginRequest, RegistroRequest, AuthResponse, UsuarioResponse). Registro asigna rol ESTUDIANTE y valida correo único (409 si existe). Criterios de aceptación: • Los tres endpoints cumplen el contrato publicado y aparecen en Swagger.
A26: 25 | B26: 20 | C26: Subtarea | D26: EPIC-1 | E26: Sprint 1 | F26: Pruebas del login | G26: Pruebas de servicio y de controlador (MockMvc): login correcto, contraseña errada, usuario inactivo, registro con correo repetido, /me sin token. | H26: • Las 5 pruebas pasan en CI. | J26: 1 | L26: 02/10/2026 | M26: 04/10/2026 | N26: Alta | O26: Por hacer | P26: Jorel Vargas | Q26: backend qa | S26: =G26&IF(H26="","",CHAR(10)&CHAR(10)&"Criterios de aceptación:"&CHAR(10)&H26) -> Pruebas de servicio y de controlador (MockMvc): login correcto, contraseña errada, usuario inactivo, registro con correo repetido, /me sin token. Criterios de aceptación: • Las 5 pruebas pasan en CI.
A27: 26 | B27: 20 | C27: Subtarea | D27: EPIC-1 | E27: Sprint 1 | F27: Cliente authApi con datos simulados | G27: api/authApi.js con login(), registro() y me(). Mientras el endpoint no esté en develop, responde con datos simulados (usuarios de prueba por rol y un token falso con la misma forma del contrato) activados con VITE_USE_MOCKS=true. | H27: • Cambiar VITE_USE_MOCKS a false usa el backend real sin tocar componentes. | J27: 1 | L27: 30/09/2026 | M27: 30/09/2026 | N27: Alta | O27: Por hacer | P27: Fernando Pérez | Q27: frontend | R27: Nueva en v3 | S27: =G27&IF(H27="","",CHAR(10)&CHAR(10)&"Criterios de aceptación:"&CHAR(10)&H27) -> api/authApi.js con login(), registro() y me(). Mientras el endpoint no esté en develop, responde con datos simulados (usuarios de prueba por rol y un token falso con la misma forma del contrato) activados con VITE_USE_MOCKS=true. Criterios de aceptación: • Cambiar VITE_USE_MOCKS a false usa el backend real sin tocar componentes.
A28: 27 | B28: 20 | C28: Subtarea | D28: EPIC-1 | E28: Sprint 1 | F28: Pantalla de inicio de sesión | G28: features/auth/LoginPage.jsx según el prototipo: correo y contraseña con react-hook-form + zod (correo válido, contraseña requerida), botón con estado de carga, mensaje de error del servidor, mostrar/ocultar contraseña. Accesible: labels visibles, errores asociados con aria-describedby, foco al primer error, envío con Enter. Al iniciar sesión redirige a /estudiante, /docente o /admin según el rol. | H28: • Con credenciales de prueba entra al inicio del rol correcto. • Con credenciales inválidas muestra el error sin recargar la página. • Se puede completar solo con teclado. • Se ve bien en 375 px de ancho. | J28: 4 | L28: 30/09/2026 | M28: 01/10/2026 | N28: Alta | O28: Por hacer | P28: Fernando Pérez | Q28: frontend | R28: Nueva en v3 | S28: =G28&IF(H28="","",CHAR(10)&CHAR(10)&"Criterios de aceptación:"&CHAR(10)&H28) -> features/auth/LoginPage.jsx según el prototipo: correo y contraseña con react-hook-form + zod (correo válido, contraseña requerida), botón con estado de carga, mensaje de error del servidor, mostrar/ocultar contraseña. Accesible: labels visibles, errores asociados con aria-describedby, foco al primer error, envío con Enter. Al iniciar sesión redirige a /estudiante, /docente o /admin según el rol. Criterios de aceptación: • Con credenciales de prueba entra al inicio del rol correcto. • Con credenciales inválidas muestra el error sin recargar la página. • Se puede completar solo con teclado. • Se ve bien en 375 px de ancho.
A29: 28 | C29: Historia | D29: EPIC-1 | E29: Sprint 1 | F29: Implementar control de acceso por rol | G29: Como plataforma debo restringir endpoints (backend) y vistas (frontend) según el rol ESTUDIANTE, DOCENTE o ADMIN. El backend es la barrera real; el frontend solo evita navegar a lo que no corresponde. | H29: • Un token de ESTUDIANTE que llama un endpoint de DOCENTE recibe 403 con el formato estándar. • Una petición sin token recibe 401. • En el frontend, cada rol solo puede navegar a sus rutas y al vencer el token vuelve al login. | I29: RF-01, RNF-03 | K29: =IF(COUNTIF($B$2:$B$150,A29)>0,SUMIFS($J$2:$J$150,$B$2:$B$150,A29)+N(J29),J29) -> 8 | L29: 28/09/2026 | M29: 08/10/2026 | N29: Alta | O29: Por hacer | P29: Jorel Vargas | Q29: backend frontend seguridad | S29: =G29&IF(H29="","",CHAR(10)&CHAR(10)&"Criterios de aceptación:"&CHAR(10)&H29) -> Como plataforma debo restringir endpoints (backend) y vistas (frontend) según el rol ESTUDIANTE, DOCENTE o ADMIN. El backend es la barrera real; el frontend solo evita navegar a lo que no corresponde. Criterios de aceptación: • Un token de ESTUDIANTE que llama un endpoint de DOCENTE recibe 403 con el formato estándar. • Una petición sin token recibe 401. • En el frontend, cada rol solo puede navegar a sus rutas y al vencer el token vuelve al login.
A30: 29 | B30: 28 | C30: Subtarea | D30: EPIC-1 | E30: Sprint 1 | F30: Autorización por rol en el backend | G30: JwtAuthenticationConverter que convierte el claim "rol" en ROLE_<rol>; @EnableMethodSecurity y @PreAuthorize en controladores; AuthenticationEntryPoint (401) y AccessDeniedHandler (403) que responden con el formato estándar. | H30: • Endpoint de prueba /api/ping/{rol} responde 200 al rol correcto y 403 a los demás. | J30: 3 | L30: 02/10/2026 | M30: 04/10/2026 | N30: Alta | O30: Por hacer | P30: Jorel Vargas | Q30: backend seguridad | S30: =G30&IF(H30="","",CHAR(10)&CHAR(10)&"Criterios de aceptación:"&CHAR(10)&H30) -> JwtAuthenticationConverter que convierte el claim "rol" en ROLE_<rol>; @EnableMethodSecurity y @PreAuthorize en controladores; AuthenticationEntryPoint (401) y AccessDeniedHandler (403) que responden con el formato estándar. Criterios de aceptación: • Endpoint de prueba /api/ping/{rol} responde 200 al rol correcto y 403 a los demás.
A31: 30 | B31: 28 | C31: Subtarea | D31: EPIC-1 | E31: Sprint 1 | F31: AuthContext: sesión, rol y cierre de sesión | G31: context/AuthContext.jsx con user, rol, login(), logout(), isAuthenticated. Lee el token con jwt-decode al cargar la app, descarta tokens vencidos y lo guarda en localStorage. | H31: • Al recargar la página la sesión se mantiene si el token sigue vigente. • logout limpia el token y lleva a /login. | J31: 2 | L31: 30/09/2026 | M31: 01/10/2026 | N31: Alta | O31: Por hacer | P31: Fernando Pérez | Q31: frontend | S31: =G31&IF(H31="","",CHAR(10)&CHAR(10)&"Criterios de aceptación:"&CHAR(10)&H31) -> context/AuthContext.jsx con user, rol, login(), logout(), isAuthenticated. Lee el token con jwt-decode al cargar la app, descarta tokens vencidos y lo guarda en localStorage. Criterios de aceptación: • Al recargar la página la sesión se mantiene si el token sigue vigente. • logout limpia el token y lleva a /login.
A32: 31 | B32: 28 | C32: Subtarea | D32: EPIC-1 | E32: Sprint 1 | F32: ProtectedRoute e interceptor de 401 | G32: Conectar ProtectedRoute con AuthContext (sin sesión → /login guardando la ruta de origen; rol distinto → /no-autorizado). Interceptor de respuesta en api/client.js: ante 401 hace logout y redirige al login. | H32: • Tras iniciar sesión, vuelve a la ruta que el usuario intentaba abrir. • Un 401 del backend cierra la sesión automáticamente. | J32: 2 | L32: 01/10/2026 | M32: 01/10/2026 | N32: Alta | O32: Por hacer | P32: Fernando Pérez | Q32: frontend | S32: =G32&IF(H32="","",CHAR(10)&CHAR(10)&"Criterios de aceptación:"&CHAR(10)&H32) -> Conectar ProtectedRoute con AuthContext (sin sesión → /login guardando la ruta de origen; rol distinto → /no-autorizado). Interceptor de respuesta en api/client.js: ante 401 hace logout y redirige al login. Criterios de aceptación: • Tras iniciar sesión, vuelve a la ruta que el usuario intentaba abrir. • Un 401 del backend cierra la sesión automáticamente.
A33: 32 | B33: 28 | C33: Subtarea | D33: EPIC-1 | E33: Sprint 1 | F33: Pruebas de acceso por rol | G33: Pruebas MockMvc de 401 y 403 sobre endpoints de cada rol, reutilizables en la tarea de hardening del Sprint 4. | H33: • Pasan en CI. | J33: 1 | L33: 02/10/2026 | M33: 04/10/2026 | N33: Alta | O33: Por hacer | P33: Jorel Vargas | Q33: backend qa | S33: =G33&IF(H33="","",CHAR(10)&CHAR(10)&"Criterios de aceptación:"&CHAR(10)&H33) -> Pruebas MockMvc de 401 y 403 sobre endpoints de cada rol, reutilizables en la tarea de hardening del Sprint 4. Criterios de aceptación: • Pasan en CI.
A34: 33 | C34: Tarea | D34: EPIC-1 | E34: Sprint 1 | F34: Configurar entorno de despliegue de prueba (staging) | G34: Backend, base de datos y frontend publicados en una URL accesible para el equipo y los usuarios piloto, con variables de entorno separadas y despliegue desde develop. | H34: • El equipo abre la URL de staging e inicia sesión con un usuario de prueba. • Un merge a develop se refleja en staging (automático o con un paso documentado). • Ningún secreto está en el repositorio. | I34: - | K34: =IF(COUNTIF($B$2:$B$150,A34)>0,SUMIFS($J$2:$J$150,$B$2:$B$150,A34)+N(J34),J34) -> 8 | L34: 28/09/2026 | M34: 08/10/2026 | N34: Media | O34: Por hacer | P34: Nicolás Pérez | Q34: devops | S34: =G34&IF(H34="","",CHAR(10)&CHAR(10)&"Criterios de aceptación:"&CHAR(10)&H34) -> Backend, base de datos y frontend publicados en una URL accesible para el equipo y los usuarios piloto, con variables de entorno separadas y despliegue desde develop. Criterios de aceptación: • El equipo abre la URL de staging e inicia sesión con un usuario de prueba. • Un merge a develop se refleja en staging (automático o con un paso documentado). • Ningún secreto está en el repositorio.
A35: 34 | B35: 33 | C35: Subtarea | D35: EPIC-1 | E35: Sprint 1 | F35: Elegir la plataforma de hosting | G35: Comparar 2 o 3 opciones gratuitas o con crédito estudiantil para Spring Boot + PostgreSQL y para un sitio estático (límites, suspensión por inactividad, región). Registrar la decisión en la tarjeta. | H35: • Decisión escrita con el motivo. | J35: 1 | L35: 02/10/2026 | M35: 04/10/2026 | N35: Media | O35: Por hacer | P35: Nicolás Pérez | Q35: devops | S35: =G35&IF(H35="","",CHAR(10)&CHAR(10)&"Criterios de aceptación:"&CHAR(10)&H35) -> Comparar 2 o 3 opciones gratuitas o con crédito estudiantil para Spring Boot + PostgreSQL y para un sitio estático (límites, suspensión por inactividad, región). Registrar la decisión en la tarjeta. Criterios de aceptación: • Decisión escrita con el motivo.
A36: 35 | B36: 33 | C36: Subtarea | D36: EPIC-1 | E36: Sprint 1 | F36: Desplegar backend y PostgreSQL | G36: Servicio del backend (Dockerfile o build nativo de la plataforma), base PostgreSQL gestionada, variables SPRING_PROFILES_ACTIVE, SPRING_DATASOURCE_*, JWT_SECRET, CORS_ORIGINS. | H36: • /actuator/health de staging responde UP. | J36: 3 | L36: 28/09/2026 | M36: 08/10/2026 | N36: Media | O36: Por hacer | P36: Nicolás Pérez | Q36: devops | S36: =G36&IF(H36="","",CHAR(10)&CHAR(10)&"Criterios de aceptación:"&CHAR(10)&H36) -> Servicio del backend (Dockerfile o build nativo de la plataforma), base PostgreSQL gestionada, variables SPRING_PROFILES_ACTIVE, SPRING_DATASOURCE_*, JWT_SECRET, CORS_ORIGINS. Criterios de aceptación: • /actuator/health de staging responde UP.
A37: 36 | B37: 33 | C37: Subtarea | D37: EPIC-1 | E37: Sprint 1 | F37: Desplegar frontend | G37: Build de Vite con VITE_API_URL de staging; regla de reescritura para que las rutas de React Router no den 404 al recargar. | H37: • Recargar /estudiante en staging no da 404. | J37: 2 | L37: 28/09/2026 | M37: 08/10/2026 | N37: Media | O37: Por hacer | P37: Nicolás Pérez | Q37: devops | S37: =G37&IF(H37="","",CHAR(10)&CHAR(10)&"Criterios de aceptación:"&CHAR(10)&H37) -> Build de Vite con VITE_API_URL de staging; regla de reescritura para que las rutas de React Router no den 404 al recargar. Criterios de aceptación: • Recargar /estudiante en staging no da 404.
A38: 37 | B38: 33 | C38: Subtarea | D38: EPIC-1 | E38: Sprint 1 | F38: Documentar URLs y proceso de despliegue | G38: Sección "Despliegue" en ambos README: URLs, variables, cómo desplegar y quién tiene acceso a la plataforma. | H38: • Cualquier integrante puede redesplegar siguiendo el README. | J38: 2 | L38: 28/09/2026 | M38: 08/10/2026 | N38: Media | O38: Por hacer | P38: Nicolás Pérez | Q38: docs | S38: =G38&IF(H38="","",CHAR(10)&CHAR(10)&"Criterios de aceptación:"&CHAR(10)&H38) -> Sección "Despliegue" en ambos README: URLs, variables, cómo desplegar y quién tiene acceso a la plataforma. Criterios de aceptación: • Cualquier integrante puede redesplegar siguiendo el README.
A39: 38 | C39: Tarea | D39: EPIC-1 | E39: Sprint 1 | F39: Configurar integración continua básica | G39: GitHub Actions que compila y prueba cada PR hacia develop y main en ambos repositorios, y que se exige como check obligatorio antes de fusionar. | H39: • Un PR con una prueba fallando no se puede fusionar. • El pipeline tarda menos de 10 minutos. | I39: - | K39: =IF(COUNTIF($B$2:$B$150,A39)>0,SUMIFS($J$2:$J$150,$B$2:$B$150,A39)+N(J39),J39) -> 6 | L39: 28/09/2026 | M39: 08/10/2026 | N39: Media | O39: Por hacer | P39: Fernando Pérez | Q39: devops qa | S39: =G39&IF(H39="","",CHAR(10)&CHAR(10)&"Criterios de aceptación:"&CHAR(10)&H39) -> GitHub Actions que compila y prueba cada PR hacia develop y main en ambos repositorios, y que se exige como check obligatorio antes de fusionar. Criterios de aceptación: • Un PR con una prueba fallando no se puede fusionar. • El pipeline tarda menos de 10 minutos.
A40: 39 | B40: 38 | C40: Subtarea | D40: EPIC-1 | E40: Sprint 1 | F40: Workflow del backend | G40: .github/workflows/ci.yml: Temurin 21, caché de Maven, ./mvnw verify (Testcontainers funciona en los runners de GitHub). | H40: • Corre en cada PR y muestra el resultado en el PR. | J40: 2 | L40: 02/10/2026 | M40: 04/10/2026 | N40: Media | O40: Por hacer | P40: Fernando Pérez | Q40: devops | S40: =G40&IF(H40="","",CHAR(10)&CHAR(10)&"Criterios de aceptación:"&CHAR(10)&H40) -> .github/workflows/ci.yml: Temurin 21, caché de Maven, ./mvnw verify (Testcontainers funciona en los runners de GitHub). Criterios de aceptación: • Corre en cada PR y muestra el resultado en el PR.
A41: 40 | B41: 38 | C41: Subtarea | D41: EPIC-1 | E41: Sprint 1 | F41: Workflow del frontend | G41: Node 24, npm ci, npm run lint y npm run build. | H41: • Corre en cada PR. | J41: 2 | L41: 02/10/2026 | M41: 04/10/2026 | N41: Media | O41: Por hacer | P41: Fernando Pérez | Q41: devops | S41: =G41&IF(H41="","",CHAR(10)&CHAR(10)&"Criterios de aceptación:"&CHAR(10)&H41) -> Node 24, npm ci, npm run lint y npm run build. Criterios de aceptación: • Corre en cada PR.
A42: 41 | B42: 38 | C42: Subtarea | D42: EPIC-1 | E42: Sprint 1 | F42: Checks obligatorios en los rulesets | G42: Agregar "Require status checks to pass" con los jobs de CI en main y develop de ambos repos (requiere permisos de admin: coordinar con Jorel). | H42: • El botón de merge queda bloqueado si CI falla. | J42: 1 | L42: 28/09/2026 | M42: 08/10/2026 | N42: Media | O42: Por hacer | P42: Fernando Pérez | Q42: devops | S42: =G42&IF(H42="","",CHAR(10)&CHAR(10)&"Criterios de aceptación:"&CHAR(10)&H42) -> Agregar "Require status checks to pass" con los jobs de CI en main y develop de ambos repos (requiere permisos de admin: coordinar con Jorel). Criterios de aceptación: • El botón de merge queda bloqueado si CI falla.
A43: 42 | B43: 38 | C43: Subtarea | D43: EPIC-1 | E43: Sprint 1 | F43: Insignia de estado en los README | G43: Badge del workflow en ambos README. | H43: • El badge refleja el estado de develop. | J43: 1 | L43: 28/09/2026 | M43: 08/10/2026 | N43: Media | O43: Por hacer | P43: Fernando Pérez | Q43: docs | S43: =G43&IF(H43="","",CHAR(10)&CHAR(10)&"Criterios de aceptación:"&CHAR(10)&H43) -> Badge del workflow en ambos README. Criterios de aceptación: • El badge refleja el estado de develop.
A44: 43 | C44: Tarea | D44: EPIC-2 | E44: Sprint 1 | F44: Modelar entidades del diagnóstico | G44: Tablas y entidades de la prueba diagnóstica, sus ítems y opciones, los intentos de cada estudiante, sus respuestas y el resultado por dimensión, consistentes con el modelo conceptual del capítulo 4. | H44: • La migración corre sin errores y la app arranca con ddl-auto: validate. • Un estudiante no puede tener dos intentos EN_CURSO de la misma prueba (restricción en BD). • No se puede registrar dos respuestas para el mismo ítem en el mismo intento. | I44: - | K44: =IF(COUNTIF($B$2:$B$150,A44)>0,SUMIFS($J$2:$J$150,$B$2:$B$150,A44)+N(J44),J44) -> 8 | L44: 28/09/2026 | M44: 08/10/2026 | N44: Alta | O44: Por hacer | P44: Juan David Polanco | Q44: backend bd | S44: =G44&IF(H44="","",CHAR(10)&CHAR(10)&"Criterios de aceptación:"&CHAR(10)&H44) -> Tablas y entidades de la prueba diagnóstica, sus ítems y opciones, los intentos de cada estudiante, sus respuestas y el resultado por dimensión, consistentes con el modelo conceptual del capítulo 4. Criterios de aceptación: • La migración corre sin errores y la app arranca con ddl-auto: validate. • Un estudiante no puede tener dos intentos EN_CURSO de la misma prueba (restricción en BD). • No se puede registrar dos respuestas para el mismo ítem en el mismo intento.
A45: 44 | B45: 43 | C45: Subtarea | D45: EPIC-2 | E45: Sprint 1 | F45: Migración de tablas del diagnóstico | G45: prueba_diagnostica(id, nombre, version, tiempo_limite_min, activa); item(id, prueba_id, numero, enunciado, competencia_id, activo); opcion(id, item_id, letra, texto, es_correcta); intento_diagnostico(id, usuario_id, prueba_id, estado EN_CURSO/FINALIZADO, iniciado_en, finalizado_en, puntaje_total, categoria); respuesta_diagnostico(id, intento_id, item_id, opcion_id, respondida_en, UNIQUE(intento_id, item_id)); resultado_dimension(id, intento_id, competencia_id, aciertos, total, porcentaje). Índice único parcial para un solo intento EN_CURSO por usuario y prueba. | H45: • Las restricciones del criterio de aceptación están en la migración. | J45: 4 | L45: 02/10/2026 | M45: 04/10/2026 | N45: Alta | O45: Por hacer | P45: Juan David Polanco | Q45: bd | S45: =G45&IF(H45="","",CHAR(10)&CHAR(10)&"Criterios de aceptación:"&CHAR(10)&H45) -> prueba_diagnostica(id, nombre, version, tiempo_limite_min, activa); item(id, prueba_id, numero, enunciado, competencia_id, activo); opcion(id, item_id, letra, texto, es_correcta); intento_diagnostico(id, usuario_id, prueba_id, estado EN_CURSO/FINALIZADO, iniciado_en, finalizado_en, puntaje_total, categoria); respuesta_diagnostico(id, intento_id, item_id, opcion_id, respondida_en, UNIQUE(intento_id, item_id)); resultado_dimension(id, intento_id, competencia_id, aciertos, total, porcentaje). Índice único parcial para un solo intento EN_CURSO por usuario y prueba. Criterios de aceptación: • Las restricciones del criterio de aceptación están en la migración.
A46: 45 | B46: 43 | C46: Subtarea | D46: EPIC-2 | E46: Sprint 1 | F46: Entidades JPA y repositorios del diagnóstico | G46: Entidades y repositorios en diagnostico/entity y diagnostico/repository; enums EstadoIntento y CategoriaDesempeno. | H46: • La app arranca con validate y hay una prueba de repositorio básica. | J46: 3 | L46: 28/09/2026 | M46: 08/10/2026 | N46: Alta | O46: Por hacer | P46: Juan David Polanco | Q46: backend | S46: =G46&IF(H46="","",CHAR(10)&CHAR(10)&"Criterios de aceptación:"&CHAR(10)&H46) -> Entidades y repositorios en diagnostico/entity y diagnostico/repository; enums EstadoIntento y CategoriaDesempeno. Criterios de aceptación: • La app arranca con validate y hay una prueba de repositorio básica.
A47: 46 | B47: 43 | C47: Subtarea | D47: EPIC-2 | E47: Sprint 1 | F47: Revisión cruzada del modelo | G47: Jorel revisa el modelo antes de fusionar, porque el motor adaptativo y los indicadores dependen de él. | H47: • PR aprobado por Jorel. | J47: 1 | L47: 28/09/2026 | M47: 08/10/2026 | N47: Alta | O47: Por hacer | P47: Jorel Vargas | Q47: backend bd | S47: =G47&IF(H47="","",CHAR(10)&CHAR(10)&"Criterios de aceptación:"&CHAR(10)&H47) -> Jorel revisa el modelo antes de fusionar, porque el motor adaptativo y los indicadores dependen de él. Criterios de aceptación: • PR aprobado por Jorel.
A48: 47 | C48: Tarea | D48: EPIC-2 | E48: Sprint 1 | F48: Migrar el banco de ítems de la prueba diagnóstica | G48: Cargar los 24 ítems de la Prueba Diagnóstica de Competencias Matemáticas (enunciado, opciones, clave y dimensión) a la base de datos desde un CSV revisado. | H48: • La base contiene exactamente 24 ítems activos, cada uno con una sola opción correcta y una dimensión. • Las expresiones matemáticas se ven correctamente con KaTeX. • Los ítems 8 y 17 tienen su clave revisada, y los ítems 1 y 15 una nota sobre su efecto techo (decisiones derivadas del cap. 3). | I48: - | K48: =IF(COUNTIF($B$2:$B$150,A48)>0,SUMIFS($J$2:$J$150,$B$2:$B$150,A48)+N(J48),J48) -> 6 | L48: 28/09/2026 | M48: 08/10/2026 | N48: Media | O48: Por hacer | P48: Fernando Pérez | Q48: bd contenido | S48: =G48&IF(H48="","",CHAR(10)&CHAR(10)&"Criterios de aceptación:"&CHAR(10)&H48) -> Cargar los 24 ítems de la Prueba Diagnóstica de Competencias Matemáticas (enunciado, opciones, clave y dimensión) a la base de datos desde un CSV revisado. Criterios de aceptación: • La base contiene exactamente 24 ítems activos, cada uno con una sola opción correcta y una dimensión. • Las expresiones matemáticas se ven correctamente con KaTeX. • Los ítems 8 y 17 tienen su clave revisada, y los ítems 1 y 15 una nota sobre su efecto techo (decisiones derivadas del cap. 3).
A49: 48 | B49: 47 | C49: Subtarea | D49: EPIC-2 | E49: Sprint 1 | F49: Transcribir los 24 ítems a CSV | G49: docs/datos/items_diagnostico.csv (UTF-8) con columnas: numero, dimension (ALGEBRAICA/LOGICA/FUNCIONAL), enunciado, opcion_a, opcion_b, opcion_c, opcion_d, respuesta_correcta (A-D), observaciones. Fórmulas en notación LaTeX entre $…$ (ej. $x^2-5x+6=0$). Tomar el texto exacto del formulario aplicado. | H49: • 24 filas, sin celdas vacías obligatorias, abre bien en Excel y en el editor. | J49: 3 | L49: 30/09/2026 | M49: 01/10/2026 | N49: Media | O49: Por hacer | P49: Fernando Pérez | Q49: contenido | S49: =G49&IF(H49="","",CHAR(10)&CHAR(10)&"Criterios de aceptación:"&CHAR(10)&H49) -> docs/datos/items_diagnostico.csv (UTF-8) con columnas: numero, dimension (ALGEBRAICA/LOGICA/FUNCIONAL), enunciado, opcion_a, opcion_b, opcion_c, opcion_d, respuesta_correcta (A-D), observaciones. Fórmulas en notación LaTeX entre $…$ (ej. $x^2-5x+6=0$). Tomar el texto exacto del formulario aplicado. Criterios de aceptación: • 24 filas, sin celdas vacías obligatorias, abre bien en Excel y en el editor.
A50: 49 | B50: 47 | C50: Subtarea | D50: EPIC-2 | E50: Sprint 1 | F50: Validar el CSV | G50: Revisión por un segundo integrante: ortografía, LaTeX que renderiza, una sola clave por ítem, dimensión asignada según el instrumento, claves de los ítems 8 y 17 revisadas contra la fuente. | H50: • Checklist de revisión marcado en la tarjeta. | J50: 1 | L50: 02/10/2026 | M50: 04/10/2026 | N50: Media | O50: Por hacer | P50: Fernando Pérez | Q50: contenido qa | S50: =G50&IF(H50="","",CHAR(10)&CHAR(10)&"Criterios de aceptación:"&CHAR(10)&H50) -> Revisión por un segundo integrante: ortografía, LaTeX que renderiza, una sola clave por ítem, dimensión asignada según el instrumento, claves de los ítems 8 y 17 revisadas contra la fuente. Criterios de aceptación: • Checklist de revisión marcado en la tarjeta.
A51: 50 | B51: 47 | C51: Subtarea | D51: EPIC-2 | E51: Sprint 1 | F51: Migración de datos de los ítems | G51: Convertir el CSV en una migración Flyway de datos (INSERT de prueba_diagnostica versión 1, item y opcion). Mantener el CSV como fuente en el repo. | H51: • En una base limpia quedan cargados los 24 ítems con sus 4 opciones. | J51: 2 | L51: 28/09/2026 | M51: 08/10/2026 | N51: Media | O51: Por hacer | P51: Fernando Pérez | Q51: bd | S51: =G51&IF(H51="","",CHAR(10)&CHAR(10)&"Criterios de aceptación:"&CHAR(10)&H51) -> Convertir el CSV en una migración Flyway de datos (INSERT de prueba_diagnostica versión 1, item y opcion). Mantener el CSV como fuente en el repo. Criterios de aceptación: • En una base limpia quedan cargados los 24 ítems con sus 4 opciones.
A52: 51 | C52: Historia | D52: EPIC-2 | E52: Sprint 2 | F52: Desarrollar endpoint de aplicación de la prueba diagnóstica | G52: Como estudiante quiero presentar la prueba diagnóstica, con mis respuestas guardadas a medida que avanzo, y poder retomarla si se interrumpe mi sesión. | H52: • Un estudiante puede iniciar, responder, retomar y finalizar la prueba. • La respuesta correcta nunca viaja al frontend antes de finalizar. • Responder dos veces el mismo ítem actualiza la respuesta (no la duplica). • Solo el rol ESTUDIANTE puede usar estos endpoints. | I52: RF-02 | K52: =IF(COUNTIF($B$2:$B$150,A52)>0,SUMIFS($J$2:$J$150,$B$2:$B$150,A52)+N(J52),J52) -> 12 | L52: 09/10/2026 | M52: 20/10/2026 | N52: Alta | O52: Por hacer | P52: Juan David Polanco | Q52: backend | S52: =G52&IF(H52="","",CHAR(10)&CHAR(10)&"Criterios de aceptación:"&CHAR(10)&H52) -> Como estudiante quiero presentar la prueba diagnóstica, con mis respuestas guardadas a medida que avanzo, y poder retomarla si se interrumpe mi sesión. Criterios de aceptación: • Un estudiante puede iniciar, responder, retomar y finalizar la prueba. • La respuesta correcta nunca viaja al frontend antes de finalizar. • Responder dos veces el mismo ítem actualiza la respuesta (no la duplica). • Solo el rol ESTUDIANTE puede usar estos endpoints.
A53: 52 | B53: 51 | C53: Subtarea | D53: EPIC-2 | E53: Sprint 2 | F53: Contrato de los endpoints del diagnóstico | G53: POST /api/diagnosticos/intentos (inicia o devuelve el EN_CURSO), GET /api/diagnosticos/intentos/{id} (ítems sin clave + respuestas ya dadas + tiempo restante), PUT /api/diagnosticos/intentos/{id}/respuestas/{itemId} {opcionId}, POST /api/diagnosticos/intentos/{id}/finalizar. Publicarlo en la tarjeta el primer día del sprint. | H53: • Nicolás confirma el contrato. | J53: 1 | L53: 09/10/2026 | M53: 20/10/2026 | N53: Alta | O53: Por hacer | P53: Juan David Polanco | Q53: backend | S53: =G53&IF(H53="","",CHAR(10)&CHAR(10)&"Criterios de aceptación:"&CHAR(10)&H53) -> POST /api/diagnosticos/intentos (inicia o devuelve el EN_CURSO), GET /api/diagnosticos/intentos/{id} (ítems sin clave + respuestas ya dadas + tiempo restante), PUT /api/diagnosticos/intentos/{id}/respuestas/{itemId} {opcionId}, POST /api/diagnosticos/intentos/{id}/finalizar. Publicarlo en la tarjeta el primer día del sprint. Criterios de aceptación: • Nicolás confirma el contrato.
A54: 53 | B54: 51 | C54: Subtarea | D54: EPIC-2 | E54: Sprint 2 | F54: Iniciar o retomar intento | G54: Servicio que crea el intento EN_CURSO o devuelve el existente; valida que el intento sea del usuario autenticado. | H54: • Un segundo POST no crea otro intento. | J54: 3 | L54: 09/10/2026 | M54: 20/10/2026 | N54: Alta | O54: Por hacer | P54: Juan David Polanco | Q54: backend | S54: =G54&IF(H54="","",CHAR(10)&CHAR(10)&"Criterios de aceptación:"&CHAR(10)&H54) -> Servicio que crea el intento EN_CURSO o devuelve el existente; valida que el intento sea del usuario autenticado. Criterios de aceptación: • Un segundo POST no crea otro intento.
A55: 54 | B55: 51 | C55: Subtarea | D55: EPIC-2 | E55: Sprint 2 | F55: Entregar ítems sin clave | G55: DTO ItemDiagnosticoResponse (numero, enunciado, opciones sin es_correcta, dimensión) en el orden definido. | H55: • Ninguna respuesta del endpoint contiene es_correcta. | J55: 2 | L55: 09/10/2026 | M55: 20/10/2026 | N55: Alta | O55: Por hacer | P55: Juan David Polanco | Q55: backend seguridad | S55: =G55&IF(H55="","",CHAR(10)&CHAR(10)&"Criterios de aceptación:"&CHAR(10)&H55) -> DTO ItemDiagnosticoResponse (numero, enunciado, opciones sin es_correcta, dimensión) en el orden definido. Criterios de aceptación: • Ninguna respuesta del endpoint contiene es_correcta.
A56: 55 | B56: 51 | C56: Subtarea | D56: EPIC-2 | E56: Sprint 2 | F56: Registrar y actualizar respuestas | G56: Upsert por (intento, ítem) con marca de tiempo; rechaza intentos FINALIZADOS (409) o de otro usuario (403). | H56: • Pruebas de upsert, intento finalizado y usuario ajeno. | J56: 3 | L56: 09/10/2026 | M56: 20/10/2026 | N56: Alta | O56: Por hacer | P56: Juan David Polanco | Q56: backend | S56: =G56&IF(H56="","",CHAR(10)&CHAR(10)&"Criterios de aceptación:"&CHAR(10)&H56) -> Upsert por (intento, ítem) con marca de tiempo; rechaza intentos FINALIZADOS (409) o de otro usuario (403). Criterios de aceptación: • Pruebas de upsert, intento finalizado y usuario ajeno.
A57: 56 | B57: 51 | C57: Subtarea | D57: EPIC-2 | E57: Sprint 2 | F57: Finalizar intento y control de tiempo | G57: Finaliza manualmente o al vencer tiempo_limite_min; al finalizar dispara el cálculo de puntaje. | H57: • Un intento vencido no acepta respuestas. | J57: 3 | L57: 09/10/2026 | M57: 20/10/2026 | N57: Alta | O57: Por hacer | P57: Juan David Polanco | Q57: backend | S57: =G57&IF(H57="","",CHAR(10)&CHAR(10)&"Criterios de aceptación:"&CHAR(10)&H57) -> Finaliza manualmente o al vencer tiempo_limite_min; al finalizar dispara el cálculo de puntaje. Criterios de aceptación: • Un intento vencido no acepta respuestas.
A58: 57 | C58: Historia | D58: EPIC-2 | E58: Sprint 2 | F58: Implementar cálculo automático del puntaje | G58: Al finalizar la prueba, calcular el puntaje total (0 a 24) y el puntaje por dimensión (algebraica, lógica, funcional) y guardarlos. | H58: • El puntaje total y por dimensión coincide con un cálculo manual en al menos 3 casos de prueba. • Los ítems sin responder cuentan como incorrectos. • El resultado queda guardado en intento_diagnostico y resultado_dimension. | I58: RF-03 | K58: =IF(COUNTIF($B$2:$B$150,A58)>0,SUMIFS($J$2:$J$150,$B$2:$B$150,A58)+N(J58),J58) -> 8 | L58: 09/10/2026 | M58: 20/10/2026 | N58: Alta | O58: Por hacer | P58: Juan David Polanco | Q58: backend | S58: =G58&IF(H58="","",CHAR(10)&CHAR(10)&"Criterios de aceptación:"&CHAR(10)&H58) -> Al finalizar la prueba, calcular el puntaje total (0 a 24) y el puntaje por dimensión (algebraica, lógica, funcional) y guardarlos. Criterios de aceptación: • El puntaje total y por dimensión coincide con un cálculo manual en al menos 3 casos de prueba. • Los ítems sin responder cuentan como incorrectos. • El resultado queda guardado en intento_diagnostico y resultado_dimension.
A59: 58 | B59: 57 | C59: Subtarea | D59: EPIC-2 | E59: Sprint 2 | F59: Servicio de calificación | G59: CalificacionService: compara cada respuesta con la opción correcta (1/0) y agrega por competencia. | H59: • Casos: todo correcto, todo incorrecto, parcial con ítems vacíos. | J59: 4 | L59: 09/10/2026 | M59: 20/10/2026 | N59: Alta | O59: Por hacer | P59: Juan David Polanco | Q59: backend | S59: =G59&IF(H59="","",CHAR(10)&CHAR(10)&"Criterios de aceptación:"&CHAR(10)&H59) -> CalificacionService: compara cada respuesta con la opción correcta (1/0) y agrega por competencia. Criterios de aceptación: • Casos: todo correcto, todo incorrecto, parcial con ítems vacíos.
A60: 59 | B60: 57 | C60: Subtarea | D60: EPIC-2 | E60: Sprint 2 | F60: Persistir resultados por dimensión | G60: Guardar puntaje_total y filas de resultado_dimension en la misma transacción que la finalización. | H60: • Si falla el cálculo no queda un intento FINALIZADO sin resultado. | J60: 2 | L60: 09/10/2026 | M60: 20/10/2026 | N60: Alta | O60: Por hacer | P60: Juan David Polanco | Q60: backend | S60: =G60&IF(H60="","",CHAR(10)&CHAR(10)&"Criterios de aceptación:"&CHAR(10)&H60) -> Guardar puntaje_total y filas de resultado_dimension en la misma transacción que la finalización. Criterios de aceptación: • Si falla el cálculo no queda un intento FINALIZADO sin resultado.
A61: 60 | B61: 57 | C61: Subtarea | D61: EPIC-2 | E61: Sprint 2 | F61: Pruebas del cálculo | G61: Pruebas unitarias con los casos del criterio. | H61: • Pasan en CI. | J61: 2 | L61: 09/10/2026 | M61: 20/10/2026 | N61: Alta | O61: Por hacer | P61: Juan David Polanco | Q61: backend qa | S61: =G61&IF(H61="","",CHAR(10)&CHAR(10)&"Criterios de aceptación:"&CHAR(10)&H61) -> Pruebas unitarias con los casos del criterio. Criterios de aceptación: • Pasan en CI.
A62: 61 | C62: Historia | D62: EPIC-2 | E62: Sprint 2 | F62: Implementar asignación de categoría de desempeño | G62: Clasificar al estudiante (bajo / medio / alto) en total y por dimensión según umbrales acordados, para orientar la práctica adaptativa. | H62: • La categoría se asigna automáticamente al finalizar. • Los umbrales se cambian por configuración, sin tocar código. • Los umbrales usados están documentados en el informe. | I62: RF-04 | K62: =IF(COUNTIF($B$2:$B$150,A62)>0,SUMIFS($J$2:$J$150,$B$2:$B$150,A62)+N(J62),J62) -> 6 | L62: 09/10/2026 | M62: 20/10/2026 | N62: Alta | O62: Por hacer | P62: Fernando Pérez | Q62: backend | S62: =G62&IF(H62="","",CHAR(10)&CHAR(10)&"Criterios de aceptación:"&CHAR(10)&H62) -> Clasificar al estudiante (bajo / medio / alto) en total y por dimensión según umbrales acordados, para orientar la práctica adaptativa. Criterios de aceptación: • La categoría se asigna automáticamente al finalizar. • Los umbrales se cambian por configuración, sin tocar código. • Los umbrales usados están documentados en el informe.
A63: 62 | B63: 61 | C63: Subtarea | D63: EPIC-2 | E63: Sprint 2 | F63: Acordar los umbrales con el equipo | G63: Proponer cortes (ej. por porcentaje de aciertos) usando la distribución de los 185 resultados del diagnóstico aplicado; validar con la docente si es posible. | H63: • Umbrales escritos en la tarjeta con su justificación. | J63: 1 | L63: 09/10/2026 | M63: 20/10/2026 | N63: Alta | O63: Por hacer | P63: Fernando Pérez | Q63: contenido | S63: =G63&IF(H63="","",CHAR(10)&CHAR(10)&"Criterios de aceptación:"&CHAR(10)&H63) -> Proponer cortes (ej. por porcentaje de aciertos) usando la distribución de los 185 resultados del diagnóstico aplicado; validar con la docente si es posible. Criterios de aceptación: • Umbrales escritos en la tarjeta con su justificación.
A64: 63 | B64: 61 | C64: Subtarea | D64: EPIC-2 | E64: Sprint 2 | F64: Reglas configurables de categorización | G64: Umbrales en application.yml (app.diagnostico.umbrales) o en tabla; CategorizacionService puro y probado. | H64: • Cambiar un umbral cambia la categoría sin recompilar lógica. | J64: 3 | L64: 09/10/2026 | M64: 20/10/2026 | N64: Alta | O64: Por hacer | P64: Fernando Pérez | Q64: backend | S64: =G64&IF(H64="","",CHAR(10)&CHAR(10)&"Criterios de aceptación:"&CHAR(10)&H64) -> Umbrales en application.yml (app.diagnostico.umbrales) o en tabla; CategorizacionService puro y probado. Criterios de aceptación: • Cambiar un umbral cambia la categoría sin recompilar lógica.
A65: 64 | B65: 61 | C65: Subtarea | D65: EPIC-2 | E65: Sprint 2 | F65: Exponer la categoría en el resultado | G65: Incluir categoría total y por dimensión en GET /api/diagnosticos/intentos/{id}/resultado. | H65: • El endpoint devuelve puntajes y categorías. | J65: 1 | L65: 09/10/2026 | M65: 20/10/2026 | N65: Alta | O65: Por hacer | P65: Fernando Pérez | Q65: backend | S65: =G65&IF(H65="","",CHAR(10)&CHAR(10)&"Criterios de aceptación:"&CHAR(10)&H65) -> Incluir categoría total y por dimensión en GET /api/diagnosticos/intentos/{id}/resultado. Criterios de aceptación: • El endpoint devuelve puntajes y categorías.
A66: 65 | B66: 61 | C66: Subtarea | D66: EPIC-2 | E66: Sprint 2 | F66: Pruebas de categorización | G66: Casos en los bordes de cada umbral. | H66: • Pasan en CI. | J66: 1 | L66: 09/10/2026 | M66: 20/10/2026 | N66: Alta | O66: Por hacer | P66: Fernando Pérez | Q66: backend qa | S66: =G66&IF(H66="","",CHAR(10)&CHAR(10)&"Criterios de aceptación:"&CHAR(10)&H66) -> Casos en los bordes de cada umbral. Criterios de aceptación: • Pasan en CI.
A67: 66 | C67: Historia | D67: EPIC-2 | E67: Sprint 2 | F67: Construir interfaz de aplicación de la prueba diagnóstica | G67: Como estudiante quiero responder la prueba ítem por ítem, ver mi avance y el tiempo restante, sin perder respuestas si se cae la conexión. | H67: • Se muestran los 24 ítems uno a uno con su notación matemática correcta. • Cada respuesta se guarda al seleccionarla (indicador "guardado"). • Al recargar la página se retoma en el ítem donde iba. • Se puede responder solo con teclado y funciona en móvil. | I67: RF-02 | K67: =IF(COUNTIF($B$2:$B$150,A67)>0,SUMIFS($J$2:$J$150,$B$2:$B$150,A67)+N(J67),J67) -> 14 | L67: 09/10/2026 | M67: 20/10/2026 | N67: Alta | O67: Por hacer | P67: Nicolás Pérez | Q67: frontend | S67: =G67&IF(H67="","",CHAR(10)&CHAR(10)&"Criterios de aceptación:"&CHAR(10)&H67) -> Como estudiante quiero responder la prueba ítem por ítem, ver mi avance y el tiempo restante, sin perder respuestas si se cae la conexión. Criterios de aceptación: • Se muestran los 24 ítems uno a uno con su notación matemática correcta. • Cada respuesta se guarda al seleccionarla (indicador "guardado"). • Al recargar la página se retoma en el ítem donde iba. • Se puede responder solo con teclado y funciona en móvil.
A68: 67 | B68: 66 | C68: Subtarea | D68: EPIC-2 | E68: Sprint 2 | F68: Cliente diagnosticoApi | G68: api/diagnosticoApi.js con iniciar, obtener, responder, finalizar y resultado (con datos simulados mientras tanto). | H68: • Mismo contrato que el backend. | J68: 2 | L68: 09/10/2026 | M68: 20/10/2026 | N68: Alta | O68: Por hacer | P68: Nicolás Pérez | Q68: frontend | S68: =G68&IF(H68="","",CHAR(10)&CHAR(10)&"Criterios de aceptación:"&CHAR(10)&H68) -> api/diagnosticoApi.js con iniciar, obtener, responder, finalizar y resultado (con datos simulados mientras tanto). Criterios de aceptación: • Mismo contrato que el backend.
A69: 68 | B69: 66 | C69: Subtarea | D69: EPIC-2 | E69: Sprint 2 | F69: Pantalla de instrucciones e inicio | G69: Explica número de ítems, tiempo y dimensiones; botón Iniciar o Continuar según el estado. | H69: • Si hay un intento EN_CURSO muestra "Continuar". | J69: 2 | L69: 09/10/2026 | M69: 20/10/2026 | N69: Alta | O69: Por hacer | P69: Nicolás Pérez | Q69: frontend | S69: =G69&IF(H69="","",CHAR(10)&CHAR(10)&"Criterios de aceptación:"&CHAR(10)&H69) -> Explica número de ítems, tiempo y dimensiones; botón Iniciar o Continuar según el estado. Criterios de aceptación: • Si hay un intento EN_CURSO muestra "Continuar".
A70: 69 | B70: 66 | C70: Subtarea | D70: EPIC-2 | E70: Sprint 2 | F70: Componente de ítem con opciones accesibles | G70: Enunciado con MathText, opciones como RadioGroup de MUI (labels asociados, navegación con flechas), estado guardando/guardado/error. | H70: • Lector de pantalla anuncia enunciado y opciones. | J70: 4 | L70: 09/10/2026 | M70: 20/10/2026 | N70: Alta | O70: Por hacer | P70: Nicolás Pérez | Q70: frontend | S70: =G70&IF(H70="","",CHAR(10)&CHAR(10)&"Criterios de aceptación:"&CHAR(10)&H70) -> Enunciado con MathText, opciones como RadioGroup de MUI (labels asociados, navegación con flechas), estado guardando/guardado/error. Criterios de aceptación: • Lector de pantalla anuncia enunciado y opciones.
A71: 70 | B71: 66 | C71: Subtarea | D71: EPIC-2 | E71: Sprint 2 | F71: Temporizador y barra de progreso | G71: Tiempo restante (sincronizado con el servidor al cargar), aviso a los 5 minutos, progreso x/24 con aria-valuenow. | H71: • Al llegar a 0 se finaliza la prueba. | J71: 2 | L71: 09/10/2026 | M71: 20/10/2026 | N71: Alta | O71: Por hacer | P71: Nicolás Pérez | Q71: frontend | S71: =G71&IF(H71="","",CHAR(10)&CHAR(10)&"Criterios de aceptación:"&CHAR(10)&H71) -> Tiempo restante (sincronizado con el servidor al cargar), aviso a los 5 minutos, progreso x/24 con aria-valuenow. Criterios de aceptación: • Al llegar a 0 se finaliza la prueba.
A72: 71 | B72: 66 | C72: Subtarea | D72: EPIC-2 | E72: Sprint 2 | F72: Navegación entre ítems y reanudación | G72: Anterior/Siguiente, mapa de ítems respondidos, reanudar en el primer ítem sin responder, reintento si falla el guardado. | H72: • Al recargar se conserva el avance. | J72: 3 | L72: 09/10/2026 | M72: 20/10/2026 | N72: Alta | O72: Por hacer | P72: Nicolás Pérez | Q72: frontend | S72: =G72&IF(H72="","",CHAR(10)&CHAR(10)&"Criterios de aceptación:"&CHAR(10)&H72) -> Anterior/Siguiente, mapa de ítems respondidos, reanudar en el primer ítem sin responder, reintento si falla el guardado. Criterios de aceptación: • Al recargar se conserva el avance.
A73: 72 | B73: 66 | C73: Subtarea | D73: EPIC-2 | E73: Sprint 2 | F73: Confirmación de finalizar | G73: Diálogo que avisa cuántos ítems quedan sin responder antes de finalizar. | H73: • No se puede finalizar por error con un solo clic. | J73: 1 | L73: 09/10/2026 | M73: 20/10/2026 | N73: Alta | O73: Por hacer | P73: Nicolás Pérez | Q73: frontend | S73: =G73&IF(H73="","",CHAR(10)&CHAR(10)&"Criterios de aceptación:"&CHAR(10)&H73) -> Diálogo que avisa cuántos ítems quedan sin responder antes de finalizar. Criterios de aceptación: • No se puede finalizar por error con un solo clic.
A74: 73 | C74: Tarea | D74: EPIC-2 | E74: Sprint 2 | F74: Construir pantalla de resultado del diagnóstico | G74: Vista donde el estudiante consulta su puntaje total, su categoría y las dimensiones en las que necesita refuerzo, con acceso directo a la práctica. | H74: • Muestra puntaje total, categoría y porcentaje por dimensión. • El gráfico tiene alternativa en texto o tabla para lectores de pantalla. • El botón "Empezar a practicar" lleva a la práctica. | I74: RF-02, RF-04 | K74: =IF(COUNTIF($B$2:$B$150,A74)>0,SUMIFS($J$2:$J$150,$B$2:$B$150,A74)+N(J74),J74) -> 8 | L74: 09/10/2026 | M74: 20/10/2026 | N74: Media | O74: Por hacer | P74: Nicolás Pérez | Q74: frontend | S74: =G74&IF(H74="","",CHAR(10)&CHAR(10)&"Criterios de aceptación:"&CHAR(10)&H74) -> Vista donde el estudiante consulta su puntaje total, su categoría y las dimensiones en las que necesita refuerzo, con acceso directo a la práctica. Criterios de aceptación: • Muestra puntaje total, categoría y porcentaje por dimensión. • El gráfico tiene alternativa en texto o tabla para lectores de pantalla. • El botón "Empezar a practicar" lleva a la práctica.
A75: 74 | B75: 73 | C75: Subtarea | D75: EPIC-2 | E75: Sprint 2 | F75: Resumen de puntaje y categoría | G75: Tarjetas con puntaje x/24 y categoría con color e icono (no solo color). | H75: • Legible en móvil. | J75: 3 | L75: 09/10/2026 | M75: 20/10/2026 | N75: Media | O75: Por hacer | P75: Nicolás Pérez | Q75: frontend | S75: =G75&IF(H75="","",CHAR(10)&CHAR(10)&"Criterios de aceptación:"&CHAR(10)&H75) -> Tarjetas con puntaje x/24 y categoría con color e icono (no solo color). Criterios de aceptación: • Legible en móvil.
A76: 75 | B76: 73 | C76: Subtarea | D76: EPIC-2 | E76: Sprint 2 | F76: Gráfico por dimensión | G76: Barras con recharts por dimensión + tabla accesible equivalente. | H76: • Coincide con los datos del endpoint. | J76: 3 | L76: 09/10/2026 | M76: 20/10/2026 | N76: Media | O76: Por hacer | P76: Nicolás Pérez | Q76: frontend | S76: =G76&IF(H76="","",CHAR(10)&CHAR(10)&"Criterios de aceptación:"&CHAR(10)&H76) -> Barras con recharts por dimensión + tabla accesible equivalente. Criterios de aceptación: • Coincide con los datos del endpoint.
A77: 76 | B77: 73 | C77: Subtarea | D77: EPIC-2 | E77: Sprint 2 | F77: Recomendaciones y llamado a practicar | G77: Texto según las dimensiones con categoría baja y botón a /estudiante/practica. | H77: • Aparecen las dimensiones a reforzar. | J77: 2 | L77: 09/10/2026 | M77: 20/10/2026 | N77: Media | O77: Por hacer | P77: Nicolás Pérez | Q77: frontend | S77: =G77&IF(H77="","",CHAR(10)&CHAR(10)&"Criterios de aceptación:"&CHAR(10)&H77) -> Texto según las dimensiones con categoría baja y botón a /estudiante/practica. Criterios de aceptación: • Aparecen las dimensiones a reforzar.
A78: 77 | C78: Tarea | D78: EPIC-2 | E78: Sprint 2 | F78: Componente MathText para notación matemática | G78: Componente reutilizable (components/MathText.jsx) que renderiza texto mixto con expresiones LaTeX entre $…$ usando KaTeX, para ítems, ejercicios y retroalimentación. | H78: • Renderiza fracciones, potencias, raíces y funciones de los 24 ítems sin errores. • Una expresión mal escrita muestra el texto original en lugar de romper la página. • Genera salida accesible (MathML de KaTeX) para lectores de pantalla. | I78: RF-06, RNF-05 | J78: 3 | K78: =IF(COUNTIF($B$2:$B$150,A78)>0,SUMIFS($J$2:$J$150,$B$2:$B$150,A78)+N(J78),J78) -> 3 | L78: 09/10/2026 | M78: 20/10/2026 | N78: Alta | O78: Por hacer | P78: Nicolás Pérez | Q78: frontend | R78: Nueva en v3 | S78: =G78&IF(H78="","",CHAR(10)&CHAR(10)&"Criterios de aceptación:"&CHAR(10)&H78) -> Componente reutilizable (components/MathText.jsx) que renderiza texto mixto con expresiones LaTeX entre $…$ usando KaTeX, para ítems, ejercicios y retroalimentación. Criterios de aceptación: • Renderiza fracciones, potencias, raíces y funciones de los 24 ítems sin errores. • Una expresión mal escrita muestra el texto original en lugar de romper la página. • Genera salida accesible (MathML de KaTeX) para lectores de pantalla.
A79: 78 | C79: Tarea | D79: EPIC-2 | E79: Sprint 2 | F79: Pruebas unitarias e integración del módulo de diagnóstico | G79: Pruebas automatizadas del flujo completo del diagnóstico y verificación manual de sus criterios de aceptación. | H79: • Cobertura de las clases de servicio del diagnóstico ≥ 70 %. • CA-02, CA-03 y CA-04 verificados y marcados en la matriz. | I79: - | K79: =IF(COUNTIF($B$2:$B$150,A79)>0,SUMIFS($J$2:$J$150,$B$2:$B$150,A79)+N(J79),J79) -> 8 | L79: 09/10/2026 | M79: 20/10/2026 | N79: Media | O79: Por hacer | P79: Fernando Pérez | Q79: qa | S79: =G79&IF(H79="","",CHAR(10)&CHAR(10)&"Criterios de aceptación:"&CHAR(10)&H79) -> Pruebas automatizadas del flujo completo del diagnóstico y verificación manual de sus criterios de aceptación. Criterios de aceptación: • Cobertura de las clases de servicio del diagnóstico ≥ 70 %. • CA-02, CA-03 y CA-04 verificados y marcados en la matriz.
A80: 79 | B80: 78 | C80: Subtarea | D80: EPIC-2 | E80: Sprint 2 | F80: Prueba de integración del flujo completo | G80: Testcontainers + MockMvc: login estudiante → iniciar → responder 24 → finalizar → resultado. | H80: • Pasa en CI. | J80: 4 | L80: 09/10/2026 | M80: 20/10/2026 | N80: Media | O80: Por hacer | P80: Fernando Pérez | Q80: qa backend | S80: =G80&IF(H80="","",CHAR(10)&CHAR(10)&"Criterios de aceptación:"&CHAR(10)&H80) -> Testcontainers + MockMvc: login estudiante → iniciar → responder 24 → finalizar → resultado. Criterios de aceptación: • Pasa en CI.
A81: 80 | B81: 78 | C81: Subtarea | D81: EPIC-2 | E81: Sprint 2 | F81: Casos borde | G81: Intento vencido, intento ajeno, respuesta a ítem inexistente, finalizar dos veces. | H81: • Cada caso devuelve el código esperado. | J81: 2 | L81: 09/10/2026 | M81: 20/10/2026 | N81: Media | O81: Por hacer | P81: Fernando Pérez | Q81: qa | S81: =G81&IF(H81="","",CHAR(10)&CHAR(10)&"Criterios de aceptación:"&CHAR(10)&H81) -> Intento vencido, intento ajeno, respuesta a ítem inexistente, finalizar dos veces. Criterios de aceptación: • Cada caso devuelve el código esperado.
A82: 81 | B82: 78 | C82: Subtarea | D82: EPIC-2 | E82: Sprint 2 | F82: Verificación manual de CA-02 a CA-04 | G82: Ejecutar en staging con el usuario de prueba y dejar evidencia (capturas). | H82: • Evidencia adjunta en la tarjeta. | J82: 2 | L82: 09/10/2026 | M82: 20/10/2026 | N82: Media | O82: Por hacer | P82: Fernando Pérez | Q82: qa | S82: =G82&IF(H82="","",CHAR(10)&CHAR(10)&"Criterios de aceptación:"&CHAR(10)&H82) -> Ejecutar en staging con el usuario de prueba y dejar evidencia (capturas). Criterios de aceptación: • Evidencia adjunta en la tarjeta.
A83: 82 | C83: Tarea | D83: EPIC-3 | E83: Sprint 2 | F83: Diseñar el banco de ejercicios por competencia y nivel | G83: Catálogo de ejercicios de práctica por dimensión (algebraica, lógica, funcional) y nivel (1 básico, 2 intermedio, 3 avanzado), con su retroalimentación, listo para cargarse a la base. | H83: • Al menos 5 ejercicios por combinación dimensión × nivel (45 en total) para que el motor tenga variedad. • Cada ejercicio tiene respuesta correcta, pista y explicación. • Los criterios de nivel están documentados. | I83: RF-14 | K83: =IF(COUNTIF($B$2:$B$150,A83)>0,SUMIFS($J$2:$J$150,$B$2:$B$150,A83)+N(J83),J83) -> 8 | L83: 09/10/2026 | M83: 20/10/2026 | N83: Alta | O83: Por hacer | P83: Fernando Pérez | Q83: contenido | S83: =G83&IF(H83="","",CHAR(10)&CHAR(10)&"Criterios de aceptación:"&CHAR(10)&H83) -> Catálogo de ejercicios de práctica por dimensión (algebraica, lógica, funcional) y nivel (1 básico, 2 intermedio, 3 avanzado), con su retroalimentación, listo para cargarse a la base. Criterios de aceptación: • Al menos 5 ejercicios por combinación dimensión × nivel (45 en total) para que el motor tenga variedad. • Cada ejercicio tiene respuesta correcta, pista y explicación. • Los criterios de nivel están documentados.
A84: 83 | B84: 82 | C84: Subtarea | D84: EPIC-3 | E84: Sprint 2 | F84: Plantilla CSV de ejercicios | G84: Columnas: codigo, dimension, nivel, tipo (OPCION_MULTIPLE/NUMERICA), enunciado, opciones, respuesta, pista, explicacion, error_comun. | H84: • Plantilla revisada por Juan David (coincide con el modelo). | J84: 1 | L84: 09/10/2026 | M84: 20/10/2026 | N84: Alta | O84: Por hacer | P84: Fernando Pérez | Q84: contenido | S84: =G84&IF(H84="","",CHAR(10)&CHAR(10)&"Criterios de aceptación:"&CHAR(10)&H84) -> Columnas: codigo, dimension, nivel, tipo (OPCION_MULTIPLE/NUMERICA), enunciado, opciones, respuesta, pista, explicacion, error_comun. Criterios de aceptación: • Plantilla revisada por Juan David (coincide con el modelo).
A85: 84 | B85: 82 | C85: Subtarea | D85: EPIC-3 | E85: Sprint 2 | F85: Criterios de dificultad | G85: Definir qué hace a un ejercicio nivel 1, 2 o 3 (pasos, conceptos previos) con ejemplos. | H85: • Documento corto en docs/. | J85: 2 | L85: 09/10/2026 | M85: 20/10/2026 | N85: Alta | O85: Por hacer | P85: Fernando Pérez | Q85: contenido | S85: =G85&IF(H85="","",CHAR(10)&CHAR(10)&"Criterios de aceptación:"&CHAR(10)&H85) -> Definir qué hace a un ejercicio nivel 1, 2 o 3 (pasos, conceptos previos) con ejemplos. Criterios de aceptación: • Documento corto en docs/.
A86: 85 | B86: 82 | C86: Subtarea | D86: EPIC-3 | E86: Sprint 2 | F86: Redactar y cargar los ejercicios | G86: Completar el CSV (se pueden adaptar de las guías de los docentes y del curso). | H86: • 45 ejercicios o más en el CSV. | J86: 4 | L86: 09/10/2026 | M86: 20/10/2026 | N86: Alta | O86: Por hacer | P86: Fernando Pérez | Q86: contenido | S86: =G86&IF(H86="","",CHAR(10)&CHAR(10)&"Criterios de aceptación:"&CHAR(10)&H86) -> Completar el CSV (se pueden adaptar de las guías de los docentes y del curso). Criterios de aceptación: • 45 ejercicios o más en el CSV.
A87: 86 | B87: 82 | C87: Subtarea | D87: EPIC-3 | E87: Sprint 2 | F87: Revisión con un docente | G87: Enviar una muestra al docente para validar nivel y corrección. | H87: • Observaciones incorporadas. | J87: 1 | L87: 09/10/2026 | M87: 20/10/2026 | N87: Alta | O87: Por hacer | P87: Fernando Pérez | Q87: contenido | S87: =G87&IF(H87="","",CHAR(10)&CHAR(10)&"Criterios de aceptación:"&CHAR(10)&H87) -> Enviar una muestra al docente para validar nivel y corrección. Criterios de aceptación: • Observaciones incorporadas.
A88: 87 | C88: Tarea | D88: EPIC-3 | E88: Sprint 2 | F88: Modelar entidades de ejercicios, intentos y retroalimentación | G88: Tablas y entidades de contenido, ejercicio, opción, intento de práctica, retroalimentación y nivel actual del estudiante por competencia. | H88: • Migración aplicada y app arranca con validate. • Cada intento queda ligado a estudiante, ejercicio, fecha, resultado y tiempo empleado. | I88: - | K88: =IF(COUNTIF($B$2:$B$150,A88)>0,SUMIFS($J$2:$J$150,$B$2:$B$150,A88)+N(J88),J88) -> 8 | L88: 09/10/2026 | M88: 20/10/2026 | N88: Alta | O88: Por hacer | P88: Juan David Polanco | Q88: backend bd | S88: =G88&IF(H88="","",CHAR(10)&CHAR(10)&"Criterios de aceptación:"&CHAR(10)&H88) -> Tablas y entidades de contenido, ejercicio, opción, intento de práctica, retroalimentación y nivel actual del estudiante por competencia. Criterios de aceptación: • Migración aplicada y app arranca con validate. • Cada intento queda ligado a estudiante, ejercicio, fecha, resultado y tiempo empleado.
A89: 88 | B89: 87 | C89: Subtarea | D89: EPIC-3 | E89: Sprint 2 | F89: Migración de tablas de práctica | G89: contenido(id, competencia_id, titulo, descripcion, activo, creado_por); ejercicio(id, contenido_id, competencia_id, nivel 1-3, tipo, enunciado, respuesta_numerica NULL, pista, explicacion, activo); opcion_ejercicio; intento_practica(id, usuario_id, ejercicio_id, respuesta, es_correcta, tiempo_seg, creado_en); nivel_estudiante(usuario_id, competencia_id, nivel, racha, actualizado_en, PK compuesta). | H89: • Restricciones y índices por usuario_id y creado_en. | J89: 4 | L89: 09/10/2026 | M89: 20/10/2026 | N89: Alta | O89: Por hacer | P89: Juan David Polanco | Q89: bd | S89: =G89&IF(H89="","",CHAR(10)&CHAR(10)&"Criterios de aceptación:"&CHAR(10)&H89) -> contenido(id, competencia_id, titulo, descripcion, activo, creado_por); ejercicio(id, contenido_id, competencia_id, nivel 1-3, tipo, enunciado, respuesta_numerica NULL, pista, explicacion, activo); opcion_ejercicio; intento_practica(id, usuario_id, ejercicio_id, respuesta, es_correcta, tiempo_seg, creado_en); nivel_estudiante(usuario_id, competencia_id, nivel, racha, actualizado_en, PK compuesta). Criterios de aceptación: • Restricciones y índices por usuario_id y creado_en.
A90: 89 | B90: 87 | C90: Subtarea | D90: EPIC-3 | E90: Sprint 2 | F90: Entidades, repositorios y carga del CSV de ejercicios | G90: Entidades en practica/ y contenido/; migración de datos desde el CSV de Fernando. | H90: • Los ejercicios del CSV quedan cargados. | J90: 4 | L90: 09/10/2026 | M90: 20/10/2026 | N90: Alta | O90: Por hacer | P90: Juan David Polanco | Q90: backend bd | S90: =G90&IF(H90="","",CHAR(10)&CHAR(10)&"Criterios de aceptación:"&CHAR(10)&H90) -> Entidades en practica/ y contenido/; migración de datos desde el CSV de Fernando. Criterios de aceptación: • Los ejercicios del CSV quedan cargados.
A91: 90 | C91: Historia | D91: EPIC-3 | E91: Sprint 2 | F91: Implementar el motor de selección adaptativa de ejercicios | G91: Algoritmo basado en reglas (sin IA, según el alcance) que elige el siguiente ejercicio según el resultado del diagnóstico y los aciertos/errores recientes, priorizando las competencias con más dificultad. | H91: • Un estudiante con categoría baja en una dimensión recibe mayoritariamente ejercicios de esa dimensión. • No se repite un ejercicio ya acertado mientras haya otros disponibles. • Las reglas están documentadas para el capítulo 6 del informe. | I91: RF-05 | K91: =IF(COUNTIF($B$2:$B$150,A91)>0,SUMIFS($J$2:$J$150,$B$2:$B$150,A91)+N(J91),J91) -> 14 | L91: 09/10/2026 | M91: 20/10/2026 | N91: Alta | O91: Por hacer | P91: Jorel Vargas | Q91: backend | S91: =G91&IF(H91="","",CHAR(10)&CHAR(10)&"Criterios de aceptación:"&CHAR(10)&H91) -> Algoritmo basado en reglas (sin IA, según el alcance) que elige el siguiente ejercicio según el resultado del diagnóstico y los aciertos/errores recientes, priorizando las competencias con más dificultad. Criterios de aceptación: • Un estudiante con categoría baja en una dimensión recibe mayoritariamente ejercicios de esa dimensión. • No se repite un ejercicio ya acertado mientras haya otros disponibles. • Las reglas están documentadas para el capítulo 6 del informe.
A92: 91 | B92: 90 | C92: Subtarea | D92: EPIC-3 | E92: Sprint 2 | F92: Documentar las reglas del motor | G92: Pesos por dimensión según categoría, ventana de últimos N intentos, criterios de repetición y desempate. | H92: • Documento revisado por el equipo. | J92: 3 | L92: 09/10/2026 | M92: 20/10/2026 | N92: Alta | O92: Por hacer | P92: Jorel Vargas | Q92: backend docs | S92: =G92&IF(H92="","",CHAR(10)&CHAR(10)&"Criterios de aceptación:"&CHAR(10)&H92) -> Pesos por dimensión según categoría, ventana de últimos N intentos, criterios de repetición y desempate. Criterios de aceptación: • Documento revisado por el equipo.
A93: 92 | B93: 90 | C93: Subtarea | D93: EPIC-3 | E93: Sprint 2 | F93: Implementar SeleccionEjercicioService | G93: Servicio puro y probado que recibe estado del estudiante y devuelve el siguiente ejercicio. | H93: • Determinista con una semilla para pruebas. | J93: 6 | L93: 09/10/2026 | M93: 20/10/2026 | N93: Alta | O93: Por hacer | P93: Jorel Vargas | Q93: backend | S93: =G93&IF(H93="","",CHAR(10)&CHAR(10)&"Criterios de aceptación:"&CHAR(10)&H93) -> Servicio puro y probado que recibe estado del estudiante y devuelve el siguiente ejercicio. Criterios de aceptación: • Determinista con una semilla para pruebas.
A94: 93 | B94: 90 | C94: Subtarea | D94: EPIC-3 | E94: Sprint 2 | F94: Endpoint GET /api/practica/siguiente | G94: Devuelve el ejercicio sin la respuesta, con su dimensión y nivel. | H94: • Solo ESTUDIANTE; no expone la respuesta. | J94: 2 | L94: 09/10/2026 | M94: 20/10/2026 | N94: Alta | O94: Por hacer | P94: Jorel Vargas | Q94: backend | S94: =G94&IF(H94="","",CHAR(10)&CHAR(10)&"Criterios de aceptación:"&CHAR(10)&H94) -> Devuelve el ejercicio sin la respuesta, con su dimensión y nivel. Criterios de aceptación: • Solo ESTUDIANTE; no expone la respuesta.
A95: 94 | B95: 90 | C95: Subtarea | D95: EPIC-3 | E95: Sprint 2 | F95: Pruebas del motor | G95: Escenarios: estudiante nuevo, débil en una dimensión, que domina todo, sin ejercicios disponibles. | H95: • Pasan en CI. | J95: 3 | L95: 09/10/2026 | M95: 20/10/2026 | N95: Alta | O95: Por hacer | P95: Jorel Vargas | Q95: backend qa | S95: =G95&IF(H95="","",CHAR(10)&CHAR(10)&"Criterios de aceptación:"&CHAR(10)&H95) -> Escenarios: estudiante nuevo, débil en una dimensión, que domina todo, sin ejercicios disponibles. Criterios de aceptación: • Pasan en CI.
A96: 95 | C96: Tarea | D96: EPIC-3 | E96: Sprint 2 | F96: Implementar la lógica de niveles de dificultad | G96: Reglas que suben o bajan el nivel del estudiante en cada competencia según su desempeño reciente, y que el motor usa para elegir ejercicios. | H96: • Tras N aciertos seguidos sube de nivel y tras M errores baja (N y M configurables). • El nivel nunca sale del rango 1–3. • El nivel inicial se deriva de la categoría del diagnóstico. | I96: RF-16 | K96: =IF(COUNTIF($B$2:$B$150,A96)>0,SUMIFS($J$2:$J$150,$B$2:$B$150,A96)+N(J96),J96) -> 8 | L96: 09/10/2026 | M96: 20/10/2026 | N96: Media | O96: Por hacer | P96: Jorel Vargas | Q96: backend | S96: =G96&IF(H96="","",CHAR(10)&CHAR(10)&"Criterios de aceptación:"&CHAR(10)&H96) -> Reglas que suben o bajan el nivel del estudiante en cada competencia según su desempeño reciente, y que el motor usa para elegir ejercicios. Criterios de aceptación: • Tras N aciertos seguidos sube de nivel y tras M errores baja (N y M configurables). • El nivel nunca sale del rango 1–3. • El nivel inicial se deriva de la categoría del diagnóstico.
A97: 96 | B97: 95 | C97: Subtarea | D97: EPIC-3 | E97: Sprint 2 | F97: Nivel inicial desde el diagnóstico | G97: Al finalizar el diagnóstico, inicializar nivel_estudiante por competencia. | H97: • Bajo → 1, medio → 2, alto → 3 (o lo que se acuerde). | J97: 2 | L97: 09/10/2026 | M97: 20/10/2026 | N97: Media | O97: Por hacer | P97: Jorel Vargas | Q97: backend | S97: =G97&IF(H97="","",CHAR(10)&CHAR(10)&"Criterios de aceptación:"&CHAR(10)&H97) -> Al finalizar el diagnóstico, inicializar nivel_estudiante por competencia. Criterios de aceptación: • Bajo → 1, medio → 2, alto → 3 (o lo que se acuerde).
A98: 97 | B98: 95 | C98: Subtarea | D98: EPIC-3 | E98: Sprint 2 | F98: Reglas de subida y bajada | G98: Actualizar nivel y racha tras cada intento de práctica. | H98: • Configurable en application.yml. | J98: 4 | L98: 09/10/2026 | M98: 20/10/2026 | N98: Media | O98: Por hacer | P98: Jorel Vargas | Q98: backend | S98: =G98&IF(H98="","",CHAR(10)&CHAR(10)&"Criterios de aceptación:"&CHAR(10)&H98) -> Actualizar nivel y racha tras cada intento de práctica. Criterios de aceptación: • Configurable en application.yml.
A99: 98 | B99: 95 | C99: Subtarea | D99: EPIC-3 | E99: Sprint 2 | F99: Pruebas de niveles | G99: Casos de límite 1 y 3 y rachas. | H99: • Pasan en CI. | J99: 2 | L99: 09/10/2026 | M99: 20/10/2026 | N99: Media | O99: Por hacer | P99: Jorel Vargas | Q99: backend qa | S99: =G99&IF(H99="","",CHAR(10)&CHAR(10)&"Criterios de aceptación:"&CHAR(10)&H99) -> Casos de límite 1 y 3 y rachas. Criterios de aceptación: • Pasan en CI.
A100: 99 | C100: Tarea | D100: EPIC-4 | E100: Sprint 2 | F100: Modelar grupos y asociación docente–estudiante | G100: RF-10 exige que el docente vea "sus estudiantes asociados", pero el modelo conceptual no tiene esa relación. Se agrega grupo (curso de Cálculo Diferencial en un periodo) con su docente y sus estudiantes. | H100: • Un docente solo puede consultar datos de estudiantes de sus grupos (probado con un docente ajeno → 403). • El administrador o el docente puede inscribir estudiantes a un grupo (por correo o código de grupo). | I100: RF-10, RNF-04 | K100: =IF(COUNTIF($B$2:$B$150,A100)>0,SUMIFS($J$2:$J$150,$B$2:$B$150,A100)+N(J100),J100) -> 6 | L100: 09/10/2026 | M100: 20/10/2026 | N100: Alta | O100: Por hacer | P100: Jorel Vargas | Q100: backend bd | R100: Nueva en v3. Faltaba en el backlog y en el modelo del cap. 4; actualizar la Figura 6 del informe. | S100: =G100&IF(H100="","",CHAR(10)&CHAR(10)&"Criterios de aceptación:"&CHAR(10)&H100) -> RF-10 exige que el docente vea "sus estudiantes asociados", pero el modelo conceptual no tiene esa relación. Se agrega grupo (curso de Cálculo Diferencial en un periodo) con su docente y sus estudiantes. Criterios de aceptación: • Un docente solo puede consultar datos de estudiantes de sus grupos (probado con un docente ajeno → 403). • El administrador o el docente puede inscribir estudiantes a un grupo (por correo o código de grupo).
...
